date,pm2_5,pm10,carbon_monoxide,dust,temperature_2m,relative_humidity_2m,wind_speed_10m,wind_direction_10m,precipitation,surface_pressure,month,exceed,pm25_tomorrow,danger_tomorrow
2023-01-01,26.991666666666664,38.875,1536.2083333333333,0.0,21.095833333333335,72.20833333333333,4.2250000000000005,190.5,0.0,981.8416666666667,1,False,25.625,0
2023-01-02,25.625,36.875,1684.0833333333333,0.0,20.641666666666666,66.95833333333333,4.529166666666667,261.0,0.0,982.3708333333334,1,False,20.904166666666665,0
2023-01-03,20.904166666666665,30.037499999999998,1294.6666666666667,0.0,20.2375,68.375,4.645833333333333,249.08333333333334,0.0,982.4041666666667,1,False,26.170833333333334,0
2023-01-04,26.170833333333334,37.59583333333333,1406.0,0.0,21.504166666666666,72.625,4.379166666666666,259.75,0.0,981.7166666666667,1,False,21.96666666666667,0
2023-01-05,21.96666666666667,31.479166666666668,1480.125,0.0,22.583333333333332,70.29166666666667,3.9875000000000003,252.375,0.0,981.3166666666666,1,False,14.487499999999999,0
2023-01-06,14.487499999999999,20.770833333333332,939.3333333333334,0.0,22.212500000000002,62.041666666666664,6.354166666666667,230.25,0.0,982.2166666666667,1,False,16.337500000000002,0
2023-01-07,16.337500000000002,23.370833333333334,846.25,0.0,20.820833333333333,52.666666666666664,8.7875,237.08333333333334,0.0,981.0541666666667,1,False,24.84166666666667,0
2023-01-08,24.84166666666667,35.53333333333333,1482.2083333333333,0.0,19.441666666666666,64.0,4.683333333333334,237.16666666666666,0.0,980.0208333333334,1,False,27.616666666666664,0
2023-01-09,27.616666666666664,39.53333333333333,1662.4583333333333,0.0,20.8625,65.08333333333333,4.220833333333333,219.83333333333334,0.0,980.2375000000001,1,False,28.46666666666667,0
2023-01-10,28.46666666666667,40.75416666666667,1641.3333333333333,0.0,22.508333333333336,65.95833333333333,3.9125,219.95833333333334,0.0,978.4958333333334,1,False,33.57083333333333,0
2023-01-11,33.57083333333333,48.01666666666667,1598.125,0.0,23.108333333333334,68.83333333333333,4.5249999999999995,189.70833333333334,0.8,976.6374999999999,1,False,26.974999999999998,0
2023-01-12,26.974999999999998,38.69166666666667,1148.9166666666667,0.0,22.558333333333334,70.70833333333333,5.154166666666667,231.95833333333334,0.0,975.6958333333333,1,False,30.662499999999998,0
2023-01-13,30.662499999999998,43.92916666666667,1810.9166666666667,0.0,21.412499999999998,64.375,4.425,230.04166666666666,0.0,976.4541666666668,1,False,32.59166666666667,0
2023-01-14,32.59166666666667,46.62916666666666,2139.0833333333335,0.0,20.829166666666666,62.708333333333336,3.8958333333333335,249.375,0.0,975.1541666666667,1,False,35.63333333333333,0
2023-01-15,35.63333333333333,50.98333333333333,2101.9583333333335,0.25,21.47083333333333,55.833333333333336,3.4499999999999997,223.54166666666666,0.0,975.2916666666666,1,False,27.854166666666668,0
2023-01-16,27.854166666666668,39.958333333333336,1513.4166666666667,0.0,20.875,56.166666666666664,4.0,251.04166666666666,0.0,976.7416666666667,1,False,27.125,0
2023-01-17,27.125,38.875,1161.4583333333333,0.0,21.545833333333334,64.95833333333333,4.8999999999999995,236.125,0.0,978.1999999999999,1,False,30.454166666666666,0
2023-01-18,30.454166666666666,43.69166666666666,1198.2083333333333,0.0,22.537499999999998,69.83333333333333,5.345833333333334,227.83333333333334,0.0,979.8375,1,False,29.445833333333336,0
2023-01-19,29.445833333333336,42.24583333333333,1397.5833333333333,0.0,22.27916666666667,68.79166666666667,5.4375,241.54166666666666,0.0,979.5333333333333,1,False,30.616666666666664,0
2023-01-20,30.616666666666664,43.925000000000004,1306.375,0.0,22.304166666666664,64.70833333333333,4.9624999999999995,222.91666666666666,0.0,979.4041666666667,1,False,29.141666666666666,0
2023-01-21,29.141666666666666,41.80416666666667,1294.7916666666667,0.0,22.21666666666667,59.5,3.7083333333333335,242.125,0.0,978.4458333333333,1,False,33.35,0
2023-01-22,33.35,47.762499999999996,1397.7916666666667,0.0,22.71666666666667,56.791666666666664,3.625,227.375,0.0,977.1916666666666,1,False,32.541666666666664,0
2023-01-23,32.541666666666664,46.59583333333333,729.7916666666666,0.0,22.3625,58.666666666666664,3.1666666666666665,239.375,0.0,976.2875,1,False,33.3125,0
2023-01-24,33.3125,47.775,693.7083333333334,0.0,22.1375,59.041666666666664,5.7375,209.25,0.0,978.3041666666667,1,False,28.945833333333336,0
2023-01-25,28.945833333333336,41.483333333333334,786.7916666666666,0.0,22.162499999999998,55.875,4.920833333333333,222.375,0.0,978.3375,1,False,31.316666666666666,0
2023-01-26,31.316666666666666,44.85833333333333,1175.75,0.0,22.25,58.541666666666664,4.791666666666667,219.83333333333334,0.0,977.275,1,False,36.63333333333333,0
2023-01-27,36.63333333333333,52.62083333333334,1479.5,0.0,22.712500000000002,62.5,4.0249999999999995,244.04166666666666,0.0,977.625,1,False,24.458333333333332,0
2023-01-28,24.458333333333332,35.170833333333334,1326.25,0.0,22.579166666666666,60.666666666666664,4.841666666666667,236.41666666666666,0.0,978.4499999999999,1,False,29.787499999999998,0
2023-01-29,29.787499999999998,42.645833333333336,1743.5833333333333,0.0,21.53333333333333,63.708333333333336,3.9875000000000003,228.45833333333334,0.0,980.0291666666667,1,False,37.475,0
2023-01-30,37.475,53.64166666666667,2093.7083333333335,0.0,20.266666666666666,61.708333333333336,5.0125,236.625,0.0,980.6374999999999,1,False,43.083333333333336,1
2023-01-31,43.083333333333336,61.666666666666664,2214.5416666666665,0.0,21.2375,61.666666666666664,4.379166666666666,242.83333333333334,0.0,977.1333333333333,1,True,44.25833333333333,1
2023-02-01,44.25833333333333,63.4,1510.5,0.0,23.212500000000002,61.083333333333336,3.8249999999999997,230.20833333333334,0.0,975.4833333333332,2,True,47.0,1
2023-02-02,47.0,67.34166666666667,1585.2083333333333,0.0,24.72083333333333,59.833333333333336,4.183333333333334,219.375,0.0,976.1166666666667,2,True,38.333333333333336,1
2023-02-03,38.333333333333336,55.2875,1436.6666666666667,0.0,24.9875,59.208333333333336,5.654166666666666,221.75,0.0,975.9916666666667,2,True,35.90833333333333,0
2023-02-04,35.90833333333333,52.06666666666666,987.625,0.0,26.0125,60.916666666666664,5.254166666666666,207.45833333333334,0.0,974.9708333333333,2,False,31.745833333333334,0
2023-02-05,31.745833333333334,46.00833333333333,996.6666666666666,0.0,25.945833333333336,67.45833333333333,5.354166666666667,193.58333333333334,0.0,974.3708333333334,2,False,26.075,0
2023-02-06,26.075,37.766666666666666,987.5833333333334,0.0,25.233333333333334,62.416666666666664,6.0125,195.5,0.0,974.3708333333334,2,False,19.833333333333332,0
2023-02-07,19.833333333333332,28.608333333333334,1539.125,0.0,24.40833333333333,50.541666666666664,6.679166666666667,214.04166666666666,0.0,974.4916666666667,2,False,23.087500000000002,0
2023-02-08,23.087500000000002,33.125,1600.3333333333333,0.0,22.59583333333333,52.375,5.345833333333334,244.5,0.0,975.0166666666668,2,False,29.8625,0
2023-02-09,29.8625,42.78333333333333,1762.2083333333333,0.0,22.891666666666666,53.25,4.166666666666667,224.75,0.0,975.3249999999999,2,False,28.3875,0
2023-02-10,28.3875,40.75833333333333,1848.7083333333333,0.0,23.433333333333334,50.875,4.295833333333333,233.75,0.0,975.5625,2,False,27.425,0
2023-02-11,27.425,39.4,1853.5416666666667,0.0,22.683333333333334,52.541666666666664,5.3500000000000005,200.125,0.0,975.2375000000001,2,False,30.8875,0
2023-02-12,30.8875,44.34583333333333,1735.6666666666667,0.0,23.504166666666666,52.541666666666664,4.483333333333333,247.16666666666666,0.0,975.5291666666667,2,False,34.31666666666667,0
2023-02-13,34.31666666666667,49.2125,729.2083333333334,0.0,24.125,46.0,4.445833333333334,217.875,0.0,975.5916666666667,2,False,44.82916666666667,1
2023-02-14,44.82916666666667,64.32916666666667,630.0,0.0,23.995833333333334,46.083333333333336,4.620833333333334,227.41666666666666,0.0,975.8041666666667,2,True,42.82083333333333,1
2023-02-15,42.82083333333333,61.70416666666667,615.7916666666666,0.0,24.125,55.5,7.0625,231.375,0.0,976.6958333333333,2,True,27.404166666666665,0
2023-02-16,27.404166666666665,39.35,748.9583333333334,0.0,21.820833333333336,87.0,3.795833333333333,216.5,25.5,980.1041666666666,2,False,22.933333333333334,0
2023-02-17,22.933333333333334,32.858333333333334,949.2083333333334,0.0,19.804166666666667,86.75,4.529166666666667,200.875,21.1,980.9333333333334,2,False,26.545833333333334,0
2023-02-18,26.545833333333334,38.012499999999996,1650.5,0.0,21.916666666666668,77.75,4.029166666666667,221.375,0.0,979.1083333333332,2,False,29.454166666666666,0
2023-02-19,29.454166666666666,42.266666666666666,2056.875,0.0,21.912499999999998,78.33333333333333,4.216666666666667,222.75,0.0,978.0333333333333,2,False,40.208333333333336,1
2023-02-20,40.208333333333336,57.80833333333334,1805.4583333333333,0.0,23.079166666666666,71.58333333333333,6.204166666666667,254.95833333333334,0.0,977.6416666666668,2,True,40.729166666666664,1
2023-02-21,40.729166666666664,58.770833333333336,1767.0833333333333,0.0,23.625,73.58333333333333,5.829166666666667,182.29166666666666,0.2,978.4291666666667,2,True,37.9375,1
2023-02-22,37.9375,54.791666666666664,1774.5,0.25,24.0125,68.95833333333333,5.366666666666667,259.4583333333333,0.0,978.1625,2,True,37.237500000000004,0
2023-02-23,37.237500000000004,54.00416666666666,1669.4583333333333,0.25,24.066666666666666,66.66666666666667,4.379166666666666,229.0,0.0,977.3041666666667,2,False,47.03333333333333,1
2023-02-24,47.03333333333333,67.90833333333333,2070.0,0.25,24.041666666666668,68.41666666666667,3.783333333333333,214.45833333333334,0.0,977.4458333333333,2,True,41.09166666666667,1
2023-02-25,41.09166666666667,59.300000000000004,1697.875,0.0,23.625,71.16666666666667,6.108333333333333,204.5,0.6000000000000001,980.7208333333333,2,True,31.375,0
2023-02-26,31.375,44.93333333333334,1449.625,0.0,24.008333333333336,57.25,6.425,166.75,0.0,983.9083333333333,2,False,35.37083333333333,0
2023-02-27,35.37083333333333,51.05416666666667,1952.875,0.0,21.954166666666666,66.25,4.879166666666666,259.3333333333333,0.0,983.4375,2,False,43.69583333333333,1
2023-02-28,43.69583333333333,62.97083333333333,1969.7083333333333,0.0,22.458333333333332,61.708333333333336,4.341666666666667,247.75,0.0,982.0083333333333,2,True,54.65,1
2023-03-01,54.65,78.59583333333333,1677.2916666666667,0.0,23.629166666666666,63.208333333333336,4.383333333333334,231.79166666666666,0.0,980.8916666666668,3,True,54.56666666666666,1
2023-03-02,54.56666666666666,78.36666666666666,937.2916666666666,0.0,24.554166666666664,58.833333333333336,4.170833333333333,215.75,0.0,980.3208333333333,3,True,41.291666666666664,1
2023-03-03,41.291666666666664,59.42083333333333,710.7916666666666,0.0,24.34583333333333,59.333333333333336,5.4875,238.95833333333334,0.0,980.9291666666667,3,True,41.19166666666667,1
2023-03-04,41.19166666666667,59.4125,620.375,0.0,24.275000000000002,64.66666666666667,5.566666666666666,234.41666666666666,0.0,981.8166666666666,3,True,50.3125,1
2023-03-05,50.3125,72.875,726.625,0.0,24.3,61.5,4.433333333333334,241.33333333333334,0.0,981.375,3,True,47.00416666666666,1
2023-03-06,47.00416666666666,68.05416666666666,949.2916666666666,0.0,24.65416666666667,60.166666666666664,4.5,218.45833333333334,0.0,979.6833333333334,3,True,46.69166666666666,1
2023-03-07,46.69166666666666,67.3875,1318.2916666666667,0.25,25.229166666666668,58.416666666666664,4.645833333333333,239.875,0.0,979.0333333333333,3,True,49.32083333333333,1
2023-03-08,49.32083333333333,71.02916666666667,1493.5,0.0,25.8625,59.375,4.425,236.58333333333334,0.0,978.5791666666668,3,True,53.36666666666667,1
2023-03-09,53.36666666666667,76.76666666666667,1697.3333333333333,0.0,26.183333333333334,59.333333333333336,5.083333333333333,253.875,0.0,977.4375,3,True,44.9375,1
2023-03-10,44.9375,64.81666666666666,812.0416666666666,0.0,27.099999999999998,57.583333333333336,4.345833333333333,217.91666666666666,0.0,976.8083333333334,3,True,54.50833333333333,1
2023-03-11,54.50833333333333,78.375,971.4166666666666,0.0,27.425,60.958333333333336,3.0541666666666667,242.0,0.0,976.6166666666667,3,True,68.84583333333333,1
2023-03-12,68.84583333333333,98.84583333333335,1273.7916666666667,0.0,27.054166666666664,58.458333333333336,3.8833333333333333,254.25,0.0,976.8916666666668,3,True,58.60833333333333,1
2023-03-13,58.60833333333333,84.26666666666667,1230.875,0.0,22.25,82.54166666666667,4.933333333333334,218.75,12.1,979.7875,3,True,58.449999999999996,1
2023-03-14,58.449999999999996,84.07916666666667,1892.9583333333333,0.0,23.145833333333332,77.29166666666667,5.191666666666666,208.20833333333334,0.1,977.1999999999999,3,True,46.541666666666664,1
2023-03-15,46.541666666666664,67.05416666666666,1901.375,0.0,24.233333333333334,74.08333333333333,4.220833333333333,216.41666666666666,0.0,976.0124999999999,3,True,36.833333333333336,0
2023-03-16,36.833333333333336,53.229166666666664,1852.375,0.0,24.325,75.5,4.2250000000000005,264.4583333333333,0.4,977.3625000000001,3,False,47.75833333333333,1
2023-03-17,47.75833333333333,68.71666666666667,1633.25,0.0,25.254166666666666,71.41666666666667,4.383333333333334,270.5,0.0,976.9666666666667,3,True,39.9375,1
2023-03-18,39.9375,57.5875,1676.875,0.0,26.358333333333334,64.70833333333333,4.966666666666667,253.91666666666666,0.0,975.4499999999999,3,True,40.949999999999996,1
2023-03-19,40.949999999999996,58.949999999999996,1512.875,0.0,26.804166666666664,62.666666666666664,5.008333333333334,222.125,0.1,974.5416666666666,3,True,33.775,0
2023-03-20,33.775,48.84583333333333,1408.9583333333333,0.0,26.045833333333334,68.58333333333333,4.291666666666667,244.45833333333334,2.9,974.2875,3,False,29.78333333333333,0
2023-03-21,29.78333333333333,43.23333333333333,1646.9166666666667,0.0,26.3125,70.375,3.129166666666667,227.625,0.0,973.6458333333334,3,False,24.0,0
2023-03-22,24.0,34.8125,1772.0416666666667,0.125,26.991666666666664,60.375,6.05,226.45833333333334,0.30000000000000004,972.0083333333333,3,False,21.65416666666667,0
2023-03-23,21.65416666666667,31.504166666666666,1460.9583333333333,0.375,27.608333333333334,50.333333333333336,6.745833333333334,199.0,0.1,971.6958333333333,3,False,22.84583333333333,0
2023-03-24,22.84583333333333,33.229166666666664,1600.1666666666667,0.625,28.116666666666664,48.458333333333336,5.175,178.33333333333334,0.0,972.8291666666668,3,False,30.2625,0
2023-03-25,30.2625,43.81666666666666,1951.5416666666667,0.375,27.666666666666668,51.666666666666664,5.233333333333333,190.75,0.0,973.3583333333332,3,False,33.17916666666667,0
2023-03-26,33.17916666666667,47.94166666666666,1824.75,0.375,27.941666666666666,54.625,4.833333333333333,164.95833333333334,0.0,972.6666666666666,3,False,32.550000000000004,0
2023-03-27,32.550000000000004,47.020833333333336,1598.125,0.375,27.78333333333333,53.041666666666664,5.2250000000000005,207.125,0.0,972.8666666666667,3,False,31.870833333333334,0
2023-03-28,31.870833333333334,45.979166666666664,1437.4583333333333,0.125,28.041666666666668,45.916666666666664,6.762499999999999,177.04166666666666,0.0,973.7875,3,False,43.55416666666667,1
2023-03-29,43.55416666666667,62.80833333333334,619.375,0.5,27.625,47.791666666666664,7.529166666666666,195.91666666666666,0.0,974.4625,3,True,58.84166666666667,1
2023-03-30,58.84166666666667,84.64166666666667,792.6666666666666,0.75,27.645833333333332,50.458333333333336,4.6875,211.16666666666666,0.0,972.9333333333334,3,True,49.041666666666664,1
2023-03-31,49.041666666666664,70.77499999999999,728.2916666666666,0.8333333333333334,28.320833333333336,48.916666666666664,5.425,222.41666666666666,0.0,973.0333333333333,3,True,52.78333333333333,1
2023-04-01,52.78333333333333,76.18333333333334,752.125,0.5,28.179166666666664,51.375,6.320833333333333,227.58333333333334,0.0,972.35,4,True,36.362500000000004,0
2023-04-02,36.362500000000004,52.70416666666667,603.6666666666666,0.5,28.258333333333336,50.125,6.8374999999999995,183.33333333333334,0.0,971.9458333333333,4,False,28.212500000000002,0
2023-04-03,28.212500000000002,41.079166666666666,536.375,0.375,28.058333333333334,48.958333333333336,6.295833333333333,176.875,0.0,971.6916666666666,4,False,29.795833333333334,0
2023-04-04,29.795833333333334,43.45416666666667,566.8333333333334,0.875,28.445833333333336,48.583333333333336,5.745833333333334,178.79166666666666,0.0,971.7166666666667,4,False,38.608333333333334,1
2023-04-05,38.608333333333334,55.9375,610.7916666666666,0.4583333333333333,28.075,48.291666666666664,4.75,229.58333333333334,0.0,972.1166666666667,4,True,52.699999999999996,1
2023-04-06,52.699999999999996,75.89583333333333,728.625,0.375,29.229166666666668,41.708333333333336,4.254166666666666,188.66666666666666,0.0,973.1583333333333,4,True,61.225,1
2023-04-07,61.225,88.12083333333334,817.125,0.375,30.420833333333334,42.083333333333336,5.545833333333333,184.125,0.0,974.2083333333334,4,True,50.387499999999996,1
2023-04-08,50.387499999999996,72.67083333333333,729.5833333333334,0.375,30.954166666666666,43.375,5.516666666666667,232.625,0.0,975.8958333333334,4,True,39.229166666666664,1
2023-04-09,39.229166666666664,56.87083333333334,688.5,0.125,31.1375,40.708333333333336,6.466666666666666,175.08333333333334,0.0,975.8708333333334,4,True,32.21666666666667,0
2023-04-10,32.21666666666667,46.70416666666667,660.125,0.25,30.104166666666668,48.041666666666664,6.4375,217.33333333333334,0.0,974.1958333333333,4,False,34.975,0
2023-04-11,34.975,50.50833333333333,690.25,0.375,30.066666666666666,46.791666666666664,5.429166666666667,216.20833333333334,0.0,973.1999999999999,4,False,51.9625,1
2023-04-12,51.9625,74.60833333333333,820.1666666666666,0.375,30.558333333333334,45.291666666666664,4.8625,223.625,0.0,972.4291666666667,4,True,44.70416666666667,1
2023-04-13,44.70416666666667,64.35000000000001,734.6666666666666,0.25,30.65416666666667,49.291666666666664,5.7375,211.25,0.0,971.9666666666667,4,True,33.387499999999996,0
2023-04-14,33.387499999999996,48.19583333333333,805.0833333333334,0.25,30.670833333333334,48.166666666666664,5.258333333333334,206.29166666666666,0.0,971.9541666666668,4,False,46.81666666666666,1
2023-04-15,46.81666666666666,67.25416666666666,1248.2916666666667,0.25,31.775000000000002,41.375,4.545833333333333,189.5,0.0,971.8958333333334,4,True,50.47083333333333,1
2023-04-16,50.47083333333333,72.7375,772.1666666666666,0.375,31.0125,48.041666666666664,5.820833333333333,172.875,0.0,971.1916666666666,4,True,41.25416666666667,1
2023-04-17,41.25416666666667,59.65416666666667,627.1666666666666,0.0,31.125,45.291666666666664,4.708333333333333,190.70833333333334,0.0,972.3791666666666,4,True,39.016666666666666,1
2023-04-18,39.016666666666666,56.30416666666667,755.7916666666666,0.0,30.879166666666666,48.375,5.929166666666667,212.5,0.0,972.4791666666666,4,True,36.27916666666666,0
2023-04-19,36.27916666666666,52.35,631.625,0.0,31.787499999999998,46.916666666666664,4.333333333333333,218.25,0.1,970.1708333333332,4,False,40.270833333333336,1
2023-04-20,40.270833333333336,58.275,586.2083333333334,0.375,30.958333333333332,51.875,5.054166666666666,196.58333333333334,0.4,968.7916666666666,4,True,37.362500000000004,0
2023-04-21,37.362500000000004,54.375,555.5833333333334,0.375,30.4875,51.208333333333336,5.5625,166.16666666666666,0.2,969.6999999999999,4,False,42.525,1
2023-04-22,42.525,61.87916666666666,536.4583333333334,0.375,30.1875,50.5,5.108333333333333,203.95833333333334,0.0,970.7416666666667,4,True,33.8,0
2023-04-23,33.8,49.67083333333333,474.4583333333333,0.4166666666666667,29.96666666666667,52.5,5.4624999999999995,239.33333333333334,0.0,972.6458333333334,4,False,34.550000000000004,0
2023-04-24,34.550000000000004,50.875,704.5416666666666,0.0,28.945833333333336,59.375,4.683333333333334,172.95833333333334,2.1,975.5625,4,False,31.979166666666668,0
2023-04-25,31.979166666666668,47.03333333333333,1293.4583333333333,0.375,30.75,49.875,5.283333333333333,210.25,0.0,973.4583333333334,4,False,32.3375,0
2023-04-26,32.3375,47.34583333333333,1161.5416666666667,0.125,29.34166666666667,58.583333333333336,6.695833333333333,208.41666666666666,2.6999999999999997,973.9041666666667,4,False,37.19583333333333,0
2023-04-27,37.19583333333333,53.62916666666666,793.8333333333334,0.0,29.120833333333334,62.5,6.1875,208.91666666666666,0.2,974.6999999999999,4,False,27.287499999999998,0
2023-04-28,27.287499999999998,39.94166666666667,1048.9583333333333,0.0,30.9875,53.708333333333336,6.304166666666667,194.66666666666666,0.0,973.4541666666668,4,False,20.841666666666665,0
2023-04-29,20.841666666666665,30.587500000000002,763.875,0.0,31.795833333333334,43.166666666666664,6.941666666666666,149.70833333333334,0.0,972.2083333333334,4,False,29.275000000000002,0
2023-04-30,29.275000000000002,42.8375,631.2916666666666,0.125,29.9875,53.25,8.591666666666667,170.0,1.2,973.1791666666667,4,False,25.070833333333336,0
2023-05-01,25.070833333333336,36.28333333333333,569.1666666666666,0.0,28.383333333333336,62.791666666666664,4.625,200.83333333333334,0.3,974.6166666666667,5,False,24.724999999999998,0
2023-05-02,24.724999999999998,35.791666666666664,653.7083333333334,0.0,28.97083333333333,65.58333333333333,5.7749999999999995,211.125,2.7,974.8416666666667,5,False,31.058333333333334,0
2023-05-03,31.058333333333334,45.14166666666667,550.4583333333334,0.0,28.245833333333334,71.54166666666667,4.645833333333333,184.29166666666666,0.8,975.6583333333333,5,False,29.566666666666666,0
2023-05-04,29.566666666666666,43.00416666666666,561.125,0.0,30.058333333333334,63.041666666666664,4.029166666666667,203.91666666666666,0.1,973.0583333333334,5,False,25.329166666666666,0
2023-05-05,25.329166666666666,36.99166666666667,524.375,0.0,31.224999999999998,59.291666666666664,4.9750000000000005,200.33333333333334,0.0,969.9,5,False,18.041666666666668,0
2023-05-06,18.041666666666668,26.40833333333333,489.25,0.0,32.44583333333333,52.458333333333336,5.179166666666666,174.125,0.0,968.6958333333333,5,False,17.033333333333335,0
2023-05-07,17.033333333333335,24.808333333333334,478.125,0.0,32.65,54.333333333333336,4.479166666666667,212.04166666666666,0.0,968.5375,5,False,25.9875,0
2023-05-08,25.9875,37.67916666666667,520.3333333333334,0.0,30.362499999999997,67.5,5.754166666666666,201.79166666666666,22.8,970.375,5,False,23.816666666666666,0
2023-05-09,23.816666666666666,34.67916666666667,404.1666666666667,0.0,29.320833333333336,69.75,4.829166666666667,167.33333333333334,1.6,972.7666666666668,5,False,22.5625,0
2023-05-10,22.5625,32.854166666666664,434.125,0.0,28.8,68.20833333333333,5.479166666666667,182.91666666666666,14.399999999999999,973.4708333333333,5,False,17.654166666666665,0
2023-05-11,17.654166666666665,25.416666666666668,578.9166666666666,0.0,28.679166666666664,67.95833333333333,4.25,204.375,0.6,974.6541666666667,5,False,17.033333333333335,0
2023-05-12,17.033333333333335,24.400000000000002,971.7916666666666,0.0,26.454166666666666,79.875,4.8374999999999995,246.875,1.7000000000000002,974.9166666666666,5,False,8.375,0
2023-05-13,8.375,12.041666666666666,484.9583333333333,0.0,25.479166666666668,86.79166666666667,4.970833333333333,205.95833333333334,50.5,974.6541666666667,5,False,10.258333333333333,0
2023-05-14,10.258333333333333,15.270833333333334,407.25,0.0,25.358333333333334,85.33333333333333,6.033333333333334,223.58333333333334,12.2,973.4458333333333,5,False,13.804166666666667,0
2023-05-15,13.804166666666667,20.179166666666667,587.75,0.0,25.608333333333334,84.16666666666667,7.075,189.5,12.899999999999999,973.5291666666667,5,False,21.616666666666664,0
2023-05-16,21.616666666666664,31.995833333333334,1250.2916666666667,0.375,26.520833333333332,80.54166666666667,4.075,183.45833333333334,0.30000000000000004,974.5583333333334,5,False,26.349999999999998,0
2023-05-17,26.349999999999998,38.891666666666666,1713.8333333333333,1.0416666666666667,27.241666666666664,78.04166666666667,4.416666666666667,144.54166666666666,0.2,974.8041666666667,5,False,26.266666666666666,0
2023-05-18,26.266666666666666,39.19583333333333,1696.625,0.5,27.829166666666666,77.20833333333333,3.4291666666666667,196.58333333333334,3.7,974.1875,5,False,27.429166666666664,0
2023-05-19,27.429166666666664,40.666666666666664,1607.7916666666667,0.9583333333333334,28.083333333333332,74.16666666666667,3.4416666666666664,173.04166666666666,1.1,972.275,5,False,23.087500000000002,0
2023-05-20,23.087500000000002,34.57083333333333,1558.7916666666667,2.4583333333333335,28.97083333333333,71.54166666666667,3.6916666666666664,149.04166666666666,0.0,971.7458333333334,5,False,22.983333333333334,0
2023-05-21,22.983333333333334,34.65,1293.0,3.0833333333333335,29.104166666666668,70.125,4.6625000000000005,138.875,0.4,972.6750000000001,5,False,23.741666666666664,0
2023-05-22,23.741666666666664,35.61666666666667,1095.0833333333333,2.5,29.179166666666664,72.0,3.8625000000000003,188.54166666666666,3.1,973.4041666666667,5,False,21.375,0
2023-05-23,21.375,31.40833333333333,607.9583333333334,1.0833333333333333,28.620833333333334,74.91666666666667,4.2625,136.45833333333334,1.4000000000000001,973.1625,5,False,22.804166666666664,0
2023-05-24,22.804166666666664,33.40416666666667,760.2083333333334,0.5833333333333334,28.620833333333334,74.70833333333333,4.1125,202.45833333333334,2.3,972.3583333333332,5,False,22.6375,0
2023-05-25,22.6375,33.791666666666664,905.5,2.0416666666666665,29.554166666666664,64.95833333333333,4.291666666666667,134.20833333333334,0.9,972.4,5,False,21.254166666666666,0
2023-05-26,21.254166666666666,31.724999999999998,932.7916666666666,1.6666666666666667,29.8625,62.0,3.8333333333333335,177.16666666666666,1.3,973.0041666666666,5,False,21.9375,0
2023-05-27,21.9375,32.520833333333336,855.0833333333334,0.875,29.087500000000002,68.83333333333333,4.395833333333333,195.16666666666666,3.5999999999999996,971.7791666666667,5,False,23.52916666666667,0
2023-05-28,23.52916666666667,34.75833333333333,890.625,0.875,28.941666666666666,72.125,3.9250000000000003,180.91666666666666,0.6000000000000001,971.4791666666666,5,False,27.787499999999998,0
2023-05-29,27.787499999999998,40.145833333333336,936.9583333333334,0.4166666666666667,28.212500000000002,73.29166666666667,4.716666666666667,192.25,7.8,972.6625,5,False,23.566666666666666,0
2023-05-30,23.566666666666666,33.975,1017.7916666666666,0.0,29.641666666666666,67.33333333333333,4.2124999999999995,176.79166666666666,0.2,972.1041666666666,5,False,19.279166666666665,0
2023-05-31,19.279166666666665,27.8,703.7083333333334,0.0,29.291666666666668,69.5,4.954166666666667,191.33333333333334,2.3000000000000003,970.875,5,False,15.341666666666667,0
2023-06-01,15.341666666666667,22.020833333333332,784.5416666666666,0.0,30.008333333333336,69.125,4.4750000000000005,143.70833333333334,0.30000000000000004,969.9625,6,False,16.462500000000002,0
2023-06-02,16.462500000000002,23.620833333333334,917.5833333333334,0.0,29.583333333333332,67.75,5.079166666666667,164.20833333333334,8.7,970.5791666666668,6,False,18.179166666666667,0
2023-06-03,18.179166666666667,26.375,1186.375,0.375,29.820833333333336,65.58333333333333,4.8125,169.91666666666666,9.4,971.7083333333334,6,False,18.354166666666668,0
2023-06-04,18.354166666666668,26.6375,1110.4583333333333,0.4583333333333333,29.804166666666664,65.70833333333333,5.6625000000000005,173.20833333333334,4.4,971.5,6,False,14.108333333333334,0
2023-06-05,14.108333333333334,20.383333333333333,626.0833333333334,0.0,28.795833333333334,71.58333333333333,4.891666666666667,163.625,11.5,970.6708333333332,6,False,17.95,0
2023-06-06,17.95,25.97083333333333,787.625,0.0,27.625,78.54166666666667,4.641666666666667,172.83333333333334,4.7,970.1666666666666,6,False,13.7875,0
2023-06-07,13.7875,19.837500000000002,622.9166666666666,0.0,26.40833333333333,84.375,5.270833333333333,220.875,16.2,970.8541666666666,6,False,13.924999999999999,0
2023-06-08,13.924999999999999,19.966666666666665,762.2916666666666,0.0,25.795833333333334,87.375,4.2375,222.83333333333334,17.3,971.1625,6,False,14.5,0
2023-06-09,14.5,20.845833333333335,884.375,0.0,26.59166666666667,84.375,5.320833333333334,178.29166666666666,7.4,970.25,6,False,21.054166666666667,0
2023-06-10,21.054166666666667,30.291666666666668,1111.7916666666667,0.0,27.212500000000002,81.41666666666667,5.033333333333333,165.16666666666666,7.999999999999999,969.2791666666667,6,False,21.77916666666667,0
2023-06-11,21.77916666666667,31.27916666666667,1243.3333333333333,0.0,27.587500000000002,76.83333333333333,4.858333333333333,181.33333333333334,6.4,968.7458333333334,6,False,19.087500000000002,0
2023-06-12,19.087500000000002,27.45,1106.4583333333333,0.0,26.195833333333336,85.41666666666667,5.379166666666666,175.91666666666666,21.0,969.1,6,False,11.829166666666666,0
2023-06-13,11.829166666666666,16.929166666666667,747.0,0.0,25.983333333333334,85.75,5.458333333333333,168.625,14.9,969.6583333333333,6,False,8.145833333333334,0
2023-06-14,8.145833333333334,11.666666666666666,528.0,0.0,25.358333333333334,87.83333333333333,5.470833333333334,195.83333333333334,12.1,971.1750000000001,6,False,14.0,0
2023-06-15,14.0,20.016666666666666,843.5833333333334,0.0,26.708333333333332,82.75,4.258333333333334,157.70833333333334,10.0,971.3249999999999,6,False,19.575,0
2023-06-16,19.575,28.2375,1267.9166666666667,0.625,27.416666666666668,79.66666666666667,4.841666666666667,137.875,0.4,970.9541666666668,6,False,16.458333333333332,0
2023-06-17,16.458333333333332,23.891666666666666,1122.5,0.625,28.916666666666668,73.08333333333333,4.616666666666666,150.75,0.1,971.3208333333333,6,False,15.058333333333332,0
2023-06-18,15.058333333333332,21.724999999999998,991.7916666666666,0.5,27.775000000000002,78.70833333333333,4.766666666666667,155.79166666666666,8.2,971.5375,6,False,14.358333333333334,0
2023-06-19,14.358333333333334,20.599999999999998,908.9166666666666,0.25,27.537499999999998,79.29166666666667,3.9958333333333336,202.45833333333334,3.6999999999999997,971.4166666666666,6,False,13.137500000000001,0
2023-06-20,13.137500000000001,18.804166666666667,903.75,0.0,27.462500000000002,75.625,4.829166666666667,161.20833333333334,3.8,971.8958333333334,6,False,12.370833333333332,0
2023-06-21,12.370833333333332,17.716666666666665,828.2916666666666,0.0,27.083333333333332,78.0,4.625,117.70833333333333,19.2,973.0958333333333,6,False,14.308333333333332,0
2023-06-22,14.308333333333332,20.5125,1342.9583333333333,0.0,27.900000000000002,71.70833333333333,4.716666666666667,171.58333333333334,0.2,973.1541666666667,6,False,13.641666666666666,0
2023-06-23,13.641666666666666,19.566666666666666,1189.375,0.0,28.8625,66.66666666666667,5.0874999999999995,188.83333333333334,0.5,972.1541666666667,6,False,14.670833333333334,0
2023-06-24,14.670833333333334,20.941666666666666,1176.0,0.0,27.95,72.58333333333333,4.645833333333333,170.95833333333334,12.600000000000001,971.2458333333334,6,False,16.2,0
2023-06-25,16.2,23.116666666666664,1301.625,0.0,26.366666666666664,83.79166666666667,3.3541666666666665,151.5,22.9,971.4958333333334,6,False,17.2,0
2023-06-26,17.2,24.5125,1099.4166666666667,0.0,26.212500000000002,88.0,3.4499999999999997,156.70833333333334,21.5,971.65,6,False,19.150000000000002,0
2023-06-27,19.150000000000002,27.270833333333332,1082.5,0.08333333333333333,27.004166666666666,82.70833333333333,3.8791666666666664,157.04166666666666,15.799999999999999,971.9958333333334,6,False,17.162499999999998,0
2023-06-28,17.162499999999998,24.21666666666667,503.25,0.6666666666666666,26.625,86.25,3.466666666666667,228.66666666666666,21.1,973.1708333333335,6,False,20.795833333333334,0
2023-06-29,20.795833333333334,29.5625,526.4583333333334,1.375,27.53333333333333,82.0,3.2916666666666665,181.375,3.8,971.9375,6,False,17.529166666666665,0
2023-06-30,17.529166666666665,25.400000000000002,529.7916666666666,2.2083333333333335,27.620833333333334,83.91666666666667,3.6750000000000003,186.125,5.8,970.8083333333334,6,False,21.416666666666668,0
2023-07-01,21.416666666666668,31.620833333333334,632.4583333333334,4.958333333333333,28.375,78.79166666666667,4.145833333333333,214.58333333333334,1.6,970.8708333333334,7,False,12.495833333333332,0
2023-07-02,12.495833333333332,18.150000000000002,295.4583333333333,3.0833333333333335,27.0,84.58333333333333,4.145833333333333,204.5,28.7,971.7291666666666,7,False,9.308333333333334,0
2023-07-03,9.308333333333334,13.049999999999999,335.6666666666667,0.0,26.150000000000002,87.125,5.166666666666667,215.875,19.8,972.3125,7,False,7.033333333333334,0
2023-07-04,7.033333333333334,10.008333333333333,334.5,0.0,25.558333333333334,86.95833333333333,6.166666666666667,173.5,16.400000000000002,972.4250000000001,7,False,8.704166666666667,0
2023-07-05,8.704166666666667,12.495833333333332,361.25,0.0,26.15833333333333,85.66666666666667,4.520833333333333,176.04166666666666,11.2,972.7333333333332,7,False,11.170833333333334,0
2023-07-06,11.170833333333334,15.920833333333334,472.4166666666667,0.4166666666666667,27.1125,82.41666666666667,3.233333333333334,164.0,1.9000000000000001,973.6208333333334,7,False,15.525,0
2023-07-07,15.525,22.079166666666666,699.875,0.4583333333333333,28.125,81.04166666666667,3.641666666666667,160.08333333333334,3.2,973.4708333333333,7,False,16.720833333333335,0
2023-07-08,16.720833333333335,23.71666666666667,480.2916666666667,0.25,27.629166666666666,82.16666666666667,4.020833333333333,195.79166666666666,4.9,973.375,7,False,13.833333333333334,0
2023-07-09,13.833333333333334,19.379166666666666,325.7083333333333,0.0,26.708333333333332,84.91666666666667,3.6916666666666664,182.0,13.4,972.9416666666666,7,False,13.295833333333334,0
2023-07-10,13.295833333333334,18.908333333333335,358.5833333333333,0.0,26.099999999999998,85.5,5.570833333333333,228.375,21.2,973.3916666666668,7,False,13.066666666666668,0
2023-07-11,13.066666666666668,18.4875,411.25,0.08333333333333333,26.229166666666668,84.875,3.2291666666666665,213.875,5.0,973.4125,7,False,12.1875,0
2023-07-12,12.1875,17.270833333333332,492.125,0.0,26.679166666666664,81.95833333333333,4.158333333333333,237.79166666666666,5.5,973.6041666666666,7,False,13.295833333333334,0
2023-07-13,13.295833333333334,19.025000000000002,795.0416666666666,0.08333333333333333,27.183333333333334,81.91666666666667,2.7708333333333335,214.54166666666666,5.5,973.2083333333334,7,False,13.016666666666666,0
2023-07-14,13.016666666666666,18.412499999999998,723.8333333333334,0.3333333333333333,27.704166666666666,79.16666666666667,3.9625,145.20833333333334,6.800000000000001,972.3791666666666,7,False,13.358333333333334,0
2023-07-15,13.358333333333334,18.691666666666666,666.625,0.25,27.495833333333334,80.83333333333333,3.6333333333333333,123.16666666666667,7.6,971.1,7,False,10.0875,0
2023-07-16,10.0875,14.316666666666668,548.7916666666666,0.7916666666666666,27.308333333333334,84.16666666666667,3.025,168.58333333333334,7.800000000000001,969.5875,7,False,15.045833333333334,0
2023-07-17,15.045833333333334,21.599999999999998,504.0,1.875,27.5125,84.04166666666667,3.1625,151.75,20.5,968.1208333333334,7,False,17.904166666666665,0
2023-07-18,17.904166666666665,25.854166666666668,510.0416666666667,1.8333333333333333,28.433333333333334,79.79166666666667,5.020833333333333,159.08333333333334,1.2000000000000002,967.5791666666668,7,False,15.954166666666666,0
2023-07-19,15.954166666666666,22.929166666666664,508.4166666666667,1.0416666666666667,27.40833333333333,82.20833333333333,4.191666666666666,171.83333333333334,19.0,968.0083333333333,7,False,15.120833333333332,0
2023-07-20,15.120833333333332,21.620833333333334,506.3333333333333,0.8333333333333334,27.0,82.25,3.891666666666667,222.83333333333334,8.200000000000001,969.8416666666667,7,False,14.966666666666667,0
2023-07-21,14.966666666666667,21.40833333333333,535.9166666666666,0.25,27.395833333333332,82.91666666666667,3.095833333333333,218.75,3.0,972.525,7,False,9.679166666666667,0
2023-07-22,9.679166666666667,13.795833333333334,341.125,0.0,27.900000000000002,81.91666666666667,3.7875,179.875,26.3,973.9041666666667,7,False,13.483333333333334,0
2023-07-23,13.483333333333334,19.279166666666665,398.125,0.0,27.691666666666666,78.79166666666667,4.8,151.91666666666666,2.9,973.5708333333333,7,False,16.974999999999998,0
2023-07-24,16.974999999999998,24.2375,489.75,0.0,27.354166666666668,79.45833333333333,4.966666666666667,177.04166666666666,0.1,972.0,7,False,20.666666666666668,0
2023-07-25,20.666666666666668,29.525000000000002,674.7916666666666,0.0,27.766666666666666,79.33333333333333,4.470833333333333,212.0,2.8000000000000003,972.1833333333334,7,False,15.779166666666667,0
2023-07-26,15.779166666666667,22.445833333333336,587.4583333333334,0.08333333333333333,28.079166666666666,78.25,4.158333333333333,171.5,0.9,972.5083333333333,7,False,7.954166666666667,0
2023-07-27,7.954166666666667,11.283333333333333,440.875,0.25,29.116666666666664,72.125,4.7124999999999995,189.45833333333334,1.4,970.85,7,False,6.629166666666666,0
2023-07-28,6.629166666666666,9.5,351.3333333333333,0.125,28.941666666666666,72.25,4.266666666666667,193.91666666666666,0.1,968.35,7,False,9.65,0
2023-07-29,9.65,13.808333333333332,459.0,0.0,27.55,82.91666666666667,3.7458333333333336,110.16666666666667,19.4,967.9666666666667,7,False,8.520833333333334,0
2023-07-30,8.520833333333334,12.158333333333333,462.9583333333333,0.0,26.179166666666664,89.08333333333333,4.7749999999999995,166.58333333333334,19.3,968.1125000000001,7,False,5.979166666666667,0
2023-07-31,5.979166666666667,8.533333333333333,277.875,0.0,24.920833333333334,92.625,5.366666666666667,202.58333333333334,28.6,969.6416666666668,7,False,5.8625,0
2023-08-01,5.8625,8.416666666666666,335.75,0.0,25.53333333333333,91.5,4.1625000000000005,178.58333333333334,22.9,970.5291666666667,8,False,10.179166666666667,0
2023-08-02,10.179166666666667,14.612499999999999,478.4583333333333,0.4583333333333333,26.15833333333333,88.16666666666667,3.466666666666667,114.75,26.7,970.7958333333332,8,False,11.950000000000001,0
2023-08-03,11.950000000000001,17.104166666666668,544.9166666666666,0.4583333333333333,26.379166666666666,87.0,3.75,140.29166666666666,8.0,970.3874999999999,8,False,12.35,0
2023-08-04,12.35,18.020833333333332,659.625,1.6666666666666667,26.479166666666668,86.5,4.491666666666666,137.70833333333334,23.0,972.3958333333334,8,False,10.795833333333334,0
2023-08-05,10.795833333333334,15.891666666666666,572.125,2.0,25.8875,89.04166666666667,4.866666666666666,151.29166666666666,4.5,973.2916666666666,8,False,11.229166666666666,0
2023-08-06,11.229166666666666,16.445833333333333,523.9166666666666,2.2916666666666665,25.1875,90.125,4.570833333333334,153.66666666666666,7.7,971.5166666666668,8,False,8.512500000000001,0
2023-08-07,8.512500000000001,12.125,469.3333333333333,0.125,24.733333333333334,92.16666666666667,4.45,138.5,20.6,970.1916666666666,8,False,7.5625,0
2023-08-08,7.5625,10.8125,440.25,0.0,24.275000000000002,93.16666666666667,3.954166666666667,127.95833333333333,16.7,971.125,8,False,6.9624999999999995,0
2023-08-09,6.9624999999999995,9.991666666666665,445.625,0.125,24.974999999999998,89.375,3.525,120.41666666666667,6.4,972.9041666666667,8,False,15.358333333333334,0
2023-08-10,15.358333333333334,22.2625,724.2083333333334,1.8333333333333333,26.741666666666664,82.125,4.6375,143.91666666666666,2.0,972.8416666666667,8,False,16.333333333333332,0
2023-08-11,16.333333333333332,23.97083333333333,900.8333333333334,4.625,27.145833333333332,80.54166666666667,4.970833333333333,152.16666666666666,3.1999999999999997,971.4083333333333,8,False,18.670833333333334,0
2023-08-12,18.670833333333334,28.241666666666664,899.9166666666666,7.25,26.9875,81.5,4.145833333333333,151.375,3.7,970.3874999999999,8,False,21.804166666666664,0
2023-08-13,21.804166666666664,33.80833333333333,885.8333333333334,11.458333333333334,27.3,82.54166666666667,4.016666666666667,140.79166666666666,14.700000000000001,970.4833333333332,8,False,20.825,0
2023-08-14,20.825,30.175,946.375,4.5,27.441666666666666,84.125,3.295833333333333,160.75,11.1,970.5625,8,False,19.341666666666665,0
2023-08-15,19.341666666666665,27.545833333333334,913.4166666666666,2.2083333333333335,26.508333333333336,87.375,3.9166666666666665,174.16666666666666,28.200000000000003,970.9416666666666,8,False,16.458333333333332,0
2023-08-16,16.458333333333332,23.34583333333333,607.6666666666666,1.8333333333333333,25.775000000000002,87.0,4.145833333333333,256.8333333333333,7.5,971.7708333333334,8,False,12.583333333333334,0
2023-08-17,12.583333333333334,17.754166666666666,477.0416666666667,0.5416666666666666,26.441666666666666,84.79166666666667,3.6,230.66666666666666,4.8,972.4375,8,False,17.216666666666665,0
2023-08-18,17.216666666666665,24.383333333333336,642.8333333333334,0.9583333333333334,27.46666666666667,82.5,3.529166666666667,152.375,7.9,972.0625,8,False,18.7,0
2023-08-19,18.7,26.558333333333334,696.25,2.3333333333333335,27.72083333333333,82.875,2.966666666666667,187.79166666666666,5.5,971.875,8,False,20.933333333333334,0
2023-08-20,20.933333333333334,29.625,593.625,2.2083333333333335,27.5,82.79166666666667,3.641666666666667,222.66666666666666,3.6999999999999997,970.975,8,False,13.783333333333333,0
2023-08-21,13.783333333333333,19.229166666666668,439.4166666666667,0.3333333333333333,26.629166666666666,86.875,4.066666666666666,195.66666666666666,11.9,971.6791666666667,8,False,13.6,0
2023-08-22,13.6,19.208333333333332,543.9166666666666,0.5833333333333334,26.558333333333334,84.875,4.154166666666667,194.04166666666666,6.7,972.0416666666666,8,False,19.6375,0
2023-08-23,19.6375,28.083333333333332,826.6666666666666,1.5416666666666667,26.829166666666666,83.45833333333333,3.8541666666666665,160.79166666666666,16.2,971.4250000000001,8,False,17.345833333333335,0
2023-08-24,17.345833333333335,24.733333333333334,855.0833333333334,1.5416666666666667,27.041666666666668,79.70833333333333,4.6000000000000005,136.5,14.0,971.0625,8,False,14.779166666666667,0
2023-08-25,14.779166666666667,21.366666666666664,622.7083333333334,2.4166666666666665,26.704166666666666,83.625,4.816666666666666,186.20833333333334,11.5,971.5708333333333,8,False,11.575000000000001,0
2023-08-26,11.575000000000001,16.791666666666668,634.2083333333334,1.1666666666666667,27.133333333333336,81.29166666666667,4.433333333333334,184.75,3.1,971.5791666666668,8,False,11.354166666666666,0
2023-08-27,11.354166666666666,16.6125,596.125,1.1666666666666667,26.90833333333333,81.25,3.6666666666666665,197.125,12.8,970.6583333333333,8,False,12.829166666666666,0
2023-08-28,12.829166666666666,18.4375,690.5416666666666,0.3333333333333333,27.604166666666668,80.70833333333333,3.8833333333333333,187.70833333333334,8.2,969.5666666666666,8,False,14.441666666666668,0
2023-08-29,14.441666666666668,20.525000000000002,520.5416666666666,0.125,27.2,82.66666666666667,3.8874999999999997,141.29166666666666,9.0,969.8291666666668,8,False,10.4375,0
2023-08-30,10.4375,14.799999999999999,354.4166666666667,0.0,26.229166666666668,86.20833333333333,4.083333333333333,171.41666666666666,13.3,971.7041666666668,8,False,10.575000000000001,0
2023-08-31,10.575000000000001,15.049999999999999,443.4583333333333,0.0,26.4375,85.375,4.2375,194.75,5.5,972.3708333333334,8,False,19.575,0
2023-09-01,19.575,27.954166666666666,730.0,0.0,27.4375,84.79166666666667,3.466666666666667,179.08333333333334,8.2,971.475,9,False,13.612499999999999,0
2023-09-02,13.612499999999999,19.445833333333333,633.3333333333334,0.0,26.53333333333333,85.5,3.3666666666666667,191.33333333333334,23.4,970.6750000000001,9,False,20.658333333333335,0
2023-09-03,20.658333333333335,29.570833333333336,819.75,0.0,27.508333333333336,81.625,3.329166666666667,212.95833333333334,1.7000000000000002,969.2708333333334,9,False,18.920833333333334,0
2023-09-04,18.920833333333334,27.175,664.5833333333334,0.0,28.108333333333334,78.83333333333333,3.6333333333333333,169.91666666666666,9.1,968.7208333333333,9,False,8.829166666666667,0
2023-09-05,8.829166666666667,12.608333333333334,388.2916666666667,0.0,25.770833333333332,88.125,3.4250000000000003,203.54166666666666,32.9,970.8874999999999,9,False,10.354166666666666,0
2023-09-06,10.354166666666666,14.762500000000001,449.0416666666667,0.0,25.579166666666666,89.875,3.5583333333333336,183.29166666666666,23.4,972.9708333333333,9,False,16.5125,0
2023-09-07,16.5125,23.5125,551.0,0.0,26.308333333333334,87.79166666666667,3.420833333333333,202.45833333333334,33.3,973.5124999999999,9,False,16.120833333333334,0
2023-09-08,16.120833333333334,23.004166666666666,555.4583333333334,0.0,26.441666666666666,88.16666666666667,3.5,226.29166666666666,10.9,972.8583333333332,9,False,10.220833333333333,0
2023-09-09,10.220833333333333,14.570833333333333,455.7083333333333,0.0,26.087500000000002,88.625,3.6333333333333333,173.54166666666666,14.3,970.9583333333334,9,False,9.995833333333334,0
2023-09-10,9.995833333333334,14.237499999999999,496.6666666666667,0.0,25.650000000000002,90.125,3.1791666666666667,198.58333333333334,19.2,970.3458333333333,9,False,9.770833333333334,0
2023-09-11,9.770833333333334,13.924999999999999,457.2916666666667,0.0,25.683333333333334,88.75,3.595833333333333,205.20833333333334,19.7,970.7708333333334,9,False,10.75,0
2023-09-12,10.75,15.299999999999999,460.9166666666667,0.0,25.6375,88.66666666666667,3.533333333333333,195.95833333333334,43.8,971.7416666666667,9,False,12.616666666666667,0
2023-09-13,12.616666666666667,18.037499999999998,661.625,0.08333333333333333,25.65833333333333,87.25,3.4749999999999996,136.20833333333334,31.799999999999997,972.7291666666666,9,False,19.941666666666666,0
2023-09-14,19.941666666666666,28.5,796.6666666666666,0.0,25.34166666666667,89.83333333333333,3.341666666666667,212.41666666666666,22.400000000000002,972.6875,9,False,8.025,0
2023-09-15,8.025,11.4375,472.375,0.0,25.8625,89.25,3.3333333333333335,164.58333333333334,24.5,971.8833333333333,9,False,9.020833333333334,0
2023-09-16,9.020833333333334,12.879166666666668,492.9166666666667,0.0,25.025000000000002,89.5,4.233333333333333,197.29166666666666,52.2,972.15,9,False,9.987499999999999,0
2023-09-17,9.987499999999999,14.233333333333334,466.1666666666667,0.0,24.733333333333334,89.58333333333333,3.2583333333333333,267.2916666666667,19.0,972.2416666666667,9,False,7.795833333333333,0
2023-09-18,7.795833333333333,11.116666666666667,334.875,0.0,24.683333333333334,89.58333333333333,5.3,191.79166666666666,28.3,973.975,9,False,11.754166666666668,0
2023-09-19,11.754166666666668,16.7625,541.5833333333334,0.0,25.787499999999998,85.95833333333333,3.75,256.125,6.3,975.8458333333333,9,False,16.175,0
2023-09-20,16.175,23.116666666666664,658.3333333333334,0.0,26.150000000000002,87.29166666666667,3.2583333333333333,186.29166666666666,34.1,975.5500000000001,9,False,23.816666666666666,0
2023-09-21,23.816666666666666,34.395833333333336,832.8333333333334,0.25,26.645833333333332,85.16666666666667,3.3541666666666665,211.70833333333334,0.8999999999999999,974.9875000000001,9,False,17.308333333333334,0
2023-09-22,17.308333333333334,24.758333333333336,640.0,0.0,27.03333333333333,83.75,3.5833333333333335,218.33333333333334,0.0,974.4208333333332,9,False,17.479166666666668,0
2023-09-23,17.479166666666668,25.004166666666666,467.1666666666667,0.0,27.6125,79.66666666666667,3.716666666666667,168.04166666666666,1.0,974.3125,9,False,20.8875,0
2023-09-24,20.8875,29.870833333333334,533.875,0.0,27.47083333333333,79.45833333333333,3.6291666666666664,187.375,0.0,973.1166666666667,9,False,14.766666666666666,0
2023-09-25,14.766666666666666,21.141666666666666,518.1666666666666,0.0,27.183333333333334,83.875,3.9916666666666667,171.95833333333334,15.700000000000001,972.5124999999999,9,False,15.920833333333334,0
2023-09-26,15.920833333333334,23.224999999999998,611.6666666666666,0.0,27.09583333333333,81.33333333333333,4.145833333333333,197.75,0.4,971.8541666666666,9,False,16.329166666666666,0
2023-09-27,16.329166666666666,23.545833333333334,689.9583333333334,0.0,26.3625,83.20833333333333,5.208333333333333,239.625,11.7,970.4250000000001,9,False,9.254166666666666,0
2023-09-28,9.254166666666666,13.225,423.4166666666667,0.0,24.816666666666666,90.125,4.720833333333333,251.5,48.0,971.9708333333333,9,False,8.670833333333333,0
2023-09-29,8.670833333333333,12.383333333333333,427.125,0.0,24.416666666666668,91.625,4.970833333333333,232.29166666666666,33.7,974.3833333333333,9,False,7.120833333333334,0
2023-09-30,7.120833333333334,10.166666666666666,392.2916666666667,0.0,24.55,90.83333333333333,5.220833333333333,222.45833333333334,30.900000000000002,975.5083333333333,9,False,10.820833333333333,0
2023-10-01,10.820833333333333,15.458333333333334,525.9166666666666,0.0,25.258333333333336,88.75,3.6666666666666665,216.25,18.200000000000003,974.4375,10,False,15.924999999999999,0
2023-10-02,15.924999999999999,22.808333333333334,689.625,0.0,26.15416666666667,86.95833333333333,2.9583333333333335,244.95833333333334,7.300000000000001,974.8375,10,False,16.945833333333333,0
2023-10-03,16.945833333333333,24.233333333333334,621.3333333333334,0.0,27.2625,81.79166666666667,3.4,158.625,0.3,975.0666666666666,10,False,14.516666666666666,0
2023-10-04,14.516666666666666,20.75,553.5,0.0,27.474999999999998,82.70833333333333,4.0375000000000005,137.66666666666666,0.2,974.6791666666667,10,False,18.354166666666668,0
2023-10-05,18.354166666666668,26.287499999999998,671.7916666666666,0.0,27.179166666666664,84.29166666666667,3.9583333333333335,186.75,1.6,973.6875,10,False,10.304166666666665,0
2023-10-06,10.304166666666665,14.741666666666667,411.8333333333333,0.0,26.7625,83.75,3.6833333333333336,195.79166666666666,12.9,973.275,10,False,9.754166666666666,0
2023-10-07,9.754166666666666,13.945833333333333,476.5,0.0,24.7625,91.375,2.5833333333333335,182.125,15.6,974.1374999999999,10,False,10.016666666666667,0
2023-10-08,10.016666666666667,14.308333333333332,505.6666666666667,0.0,25.045833333333334,89.5,3.4458333333333333,221.16666666666666,15.8,975.35,10,False,9.7125,0
2023-10-09,9.7125,13.862499999999999,512.7083333333334,0.0,24.491666666666664,90.95833333333333,3.4583333333333335,252.5,20.7,976.2833333333333,10,False,13.1625,0
2023-10-10,13.1625,18.841666666666665,600.375,0.0,24.84583333333333,88.33333333333333,4.104166666666667,229.875,34.300000000000004,977.1791666666667,10,False,12.674999999999999,0
2023-10-11,12.674999999999999,18.191666666666666,599.2083333333334,0.0,24.854166666666668,88.66666666666667,3.795833333333333,258.0833333333333,8.2,978.025,10,False,13.058333333333332,0
2023-10-12,13.058333333333332,18.712500000000002,546.625,0.0,25.40833333333333,86.66666666666667,3.391666666666667,220.54166666666666,4.2,978.9833333333332,10,False,11.883333333333333,0
2023-10-13,11.883333333333333,17.079166666666666,553.5416666666666,0.0,25.325,89.375,3.5583333333333336,215.33333333333334,12.6,978.4916666666667,10,False,12.145833333333334,0
2023-10-14,12.145833333333334,17.383333333333333,567.2083333333334,0.0,25.325,88.95833333333333,2.8083333333333336,219.875,7.6,976.4666666666667,10,False,11.608333333333334,0
2023-10-15,11.608333333333334,16.579166666666666,571.4166666666666,0.0,25.120833333333334,88.0,4.283333333333333,213.83333333333334,8.2,975.3125,10,False,12.129166666666665,0
2023-10-16,12.129166666666665,17.320833333333333,633.75,0.0,24.587500000000002,90.79166666666667,3.641666666666667,155.33333333333334,4.5,976.875,10,False,17.224999999999998,0
2023-10-17,17.224999999999998,24.6875,811.25,0.0,25.458333333333332,84.25,3.8708333333333336,246.16666666666666,0.2,977.1374999999999,10,False,27.383333333333336,0
2023-10-18,27.383333333333336,39.229166666666664,1169.5416666666667,0.0,25.816666666666666,82.91666666666667,4.520833333333333,212.20833333333334,0.9,977.2541666666666,10,False,24.829166666666666,0
2023-10-19,24.829166666666666,35.520833333333336,887.125,0.0,25.741666666666664,85.79166666666667,3.154166666666667,228.79166666666666,2.0,976.9,10,False,23.479166666666668,0
2023-10-20,23.479166666666668,33.545833333333334,737.3333333333334,0.0,25.741666666666664,84.58333333333333,3.7916666666666665,214.375,0.5,977.4583333333334,10,False,12.429166666666667,0
2023-10-21,12.429166666666667,17.779166666666665,576.1666666666666,0.0,24.787499999999998,86.45833333333333,3.1458333333333335,179.54166666666666,3.9000000000000004,979.3541666666666,10,False,11.333333333333334,0
2023-10-22,11.333333333333334,16.204166666666666,622.0,0.0,24.816666666666666,86.58333333333333,4.7875000000000005,211.16666666666666,8.3,979.7458333333334,10,False,17.220833333333335,0
2023-10-23,17.220833333333335,24.65416666666667,667.4166666666666,0.0,24.84166666666667,85.16666666666667,2.6833333333333336,228.08333333333334,0.8,978.9958333333334,10,False,26.650000000000002,0
2023-10-24,26.650000000000002,38.1,909.7916666666666,0.0,25.5625,84.58333333333333,3.533333333333333,245.0,0.0,978.3916666666668,10,False,17.791666666666668,0
2023-10-25,17.791666666666668,25.587500000000002,746.3333333333334,0.0,26.150000000000002,84.5,3.5875,208.5,0.3,977.9041666666667,10,False,18.970833333333335,0
2023-10-26,18.970833333333335,27.212500000000002,791.625,0.0,26.2375,84.0,3.079166666666667,250.33333333333334,0.4,977.2958333333332,10,False,11.6625,0
2023-10-27,11.6625,16.729166666666668,535.2916666666666,0.0,25.645833333333332,87.375,2.766666666666667,204.41666666666666,4.7,976.9333333333334,10,False,11.004166666666668,0
2023-10-28,11.004166666666668,15.745833333333332,473.5416666666667,0.0,25.47083333333333,84.66666666666667,3.654166666666667,191.95833333333334,1.5,977.0291666666667,10,False,12.279166666666667,0
2023-10-29,12.279166666666667,17.5625,506.1666666666667,0.0,25.395833333333332,85.75,3.0208333333333335,226.70833333333334,1.8,977.3041666666667,10,False,8.320833333333333,0
2023-10-30,8.320833333333333,11.9,438.9583333333333,0.0,24.520833333333332,88.95833333333333,4.6125,215.75,12.2,978.4666666666667,10,False,13.766666666666666,0
2023-10-31,13.766666666666666,19.679166666666667,593.0416666666666,0.0,24.15833333333333,87.83333333333333,3.5375,227.45833333333334,1.8,980.1458333333334,10,False,19.275000000000002,0
2023-11-01,19.275000000000002,27.6375,792.2916666666666,0.0,25.0125,82.375,3.0708333333333333,210.75,0.2,979.9250000000001,11,False,25.162499999999998,0
2023-11-02,25.162499999999998,36.108333333333334,1044.1666666666667,0.0,25.129166666666666,85.75,3.3375,263.7916666666667,0.5,978.0708333333333,11,False,24.070833333333336,0
2023-11-03,24.070833333333336,34.541666666666664,880.1666666666666,0.0,25.433333333333334,88.20833333333333,3.6333333333333333,213.875,0.6000000000000001,975.9083333333333,11,False,30.104166666666668,0
2023-11-04,30.104166666666668,43.1,1038.8333333333333,0.0,24.883333333333336,89.45833333333333,3.375,244.375,7.6,976.1666666666666,11,False,25.599999999999998,0
2023-11-05,25.599999999999998,36.579166666666666,895.6666666666666,0.0,25.433333333333334,87.08333333333333,2.9000000000000004,259.2083333333333,3.0,977.225,11,False,21.991666666666664,0
2023-11-06,21.991666666666664,31.52916666666667,867.0416666666666,0.0,26.25,81.29166666666667,2.75,179.70833333333334,0.1,977.65,11,False,20.35,0
2023-11-07,20.35,29.15833333333333,881.3333333333334,0.0,25.3875,85.66666666666667,4.241666666666666,197.625,1.9,977.9208333333332,11,False,23.02916666666667,0
2023-11-08,23.02916666666667,33.09583333333333,659.75,0.0,25.066666666666666,87.0,3.404166666666667,269.3333333333333,3.1,976.9833333333332,11,False,26.804166666666664,0
2023-11-09,26.804166666666664,38.40833333333333,874.9583333333334,0.0,25.55,85.16666666666667,3.358333333333333,207.41666666666666,0.9,977.2541666666666,11,False,31.445833333333336,0
2023-11-10,31.445833333333336,45.145833333333336,1031.4583333333333,0.0,26.583333333333332,77.79166666666667,2.7624999999999997,248.95833333333334,1.1,978.3249999999999,11,False,27.770833333333332,0
2023-11-11,27.770833333333332,39.86666666666667,987.3333333333334,0.0,26.662499999999998,77.125,3.475,224.75,0.0,978.7791666666667,11,False,23.329166666666666,0
2023-11-12,23.329166666666666,33.49583333333333,970.625,0.0,26.241666666666664,79.625,3.9000000000000004,225.45833333333334,0.0,979.275,11,False,10.579166666666667,0
2023-11-13,10.579166666666667,15.299999999999999,523.125,0.0,25.441666666666666,83.875,3.4125,231.375,2.9,979.7083333333334,11,False,9.920833333333333,0
2023-11-14,9.920833333333333,14.387500000000001,553.0416666666666,0.0,25.066666666666666,85.45833333333333,3.6666666666666665,227.25,12.5,980.85,11,False,14.575000000000001,0
2023-11-15,14.575000000000001,20.9875,813.2083333333334,0.0,25.6125,80.08333333333333,4.329166666666667,228.04166666666666,0.0,980.7624999999999,11,False,15.283333333333333,0
2023-11-16,15.283333333333333,22.020833333333332,842.4583333333334,0.0,24.933333333333334,82.54166666666667,4.933333333333334,263.1666666666667,3.9000000000000004,981.7291666666666,11,False,9.333333333333334,0
2023-11-17,9.333333333333334,13.4,574.0833333333334,0.0,23.104166666666668,72.75,11.591666666666667,330.5416666666667,1.5,983.3708333333334,11,False,14.924999999999999,0
2023-11-18,14.924999999999999,21.47083333333333,816.9583333333334,0.0,21.879166666666666,73.04166666666667,4.591666666666667,236.25,0.0,982.4,11,False,12.783333333333333,0
2023-11-19,12.783333333333333,18.3125,833.7083333333334,0.0,22.175,70.16666666666667,5.754166666666666,247.5,0.0,981.3541666666666,11,False,16.787499999999998,0
2023-11-20,16.787499999999998,24.445833333333336,844.5,0.0,22.120833333333334,74.58333333333333,3.891666666666667,212.70833333333334,0.0,980.5166666666668,11,False,21.770833333333332,0
2023-11-21,21.770833333333332,31.3625,1006.3333333333334,0.0,22.275000000000002,82.54166666666667,3.9166666666666665,254.16666666666666,0.0,978.4291666666667,11,False,24.254166666666666,0
2023-11-22,24.254166666666666,34.916666666666664,1046.3333333333333,0.25,23.204166666666666,78.5,3.6333333333333333,238.0,0.0,977.0375,11,False,23.837500000000002,0
2023-11-23,23.837500000000002,34.5625,972.875,0.125,23.59583333333333,76.41666666666667,4.491666666666666,231.83333333333334,0.0,977.35,11,False,20.170833333333334,0
2023-11-24,20.170833333333334,29.52916666666667,881.9583333333334,0.125,23.254166666666666,79.04166666666667,4.8999999999999995,295.125,0.0,978.9791666666666,11,False,17.641666666666666,0
2023-11-25,17.641666666666666,25.858333333333334,828.875,0.0,23.820833333333336,77.29166666666667,4.375,275.125,0.0,979.5875,11,False,16.479166666666668,0
2023-11-26,16.479166666666668,23.895833333333332,672.7083333333334,0.25,23.416666666666668,76.33333333333333,5.216666666666667,273.9583333333333,0.0,980.2916666666666,11,False,16.108333333333334,0
2023-11-27,16.108333333333334,23.791666666666668,651.0416666666666,0.0,23.245833333333334,72.29166666666667,4.979166666666667,262.7083333333333,0.0,979.9916666666667,11,False,17.425,0
2023-11-28,17.425,25.53333333333333,760.375,0.0,22.287499999999998,72.0,5.529166666666666,254.70833333333334,0.0,978.7916666666666,11,False,21.900000000000002,0
2023-11-29,21.900000000000002,31.84166666666667,852.0416666666666,0.0,22.712500000000002,71.45833333333333,4.354166666666667,231.95833333333334,0.0,979.0916666666667,11,False,25.15833333333333,0
2023-11-30,25.15833333333333,36.4375,991.0416666666666,0.0,23.566666666666666,74.125,4.620833333333334,220.875,0.0,979.7833333333333,11,False,20.645833333333332,0
2023-12-01,20.645833333333332,29.974999999999998,783.1666666666666,0.0,24.016666666666666,77.5,4.066666666666666,232.29166666666666,0.0,979.4499999999999,12,False,12.5375,0
2023-12-02,12.5375,18.075,706.7083333333334,0.0,24.879166666666666,78.95833333333333,3.8000000000000003,282.75,0.1,979.3208333333333,12,False,10.179166666666667,0
2023-12-03,10.179166666666667,14.716666666666667,629.125,0.0,24.787499999999998,80.58333333333333,4.941666666666666,215.54166666666666,0.4,979.5208333333334,12,False,15.470833333333333,0
2023-12-04,15.470833333333333,22.34583333333333,896.4583333333334,0.0,25.02916666666667,79.45833333333333,3.6750000000000003,206.625,0.0,978.3541666666666,12,False,21.0125,0
2023-12-05,21.0125,30.4875,944.5,0.0,25.204166666666666,80.33333333333333,4.125,212.08333333333334,0.0,977.3708333333334,12,False,14.2875,0
2023-12-06,14.2875,20.583333333333332,645.0416666666666,0.0,25.425,79.91666666666667,3.220833333333333,217.08333333333334,0.1,978.3625000000001,12,False,13.924999999999999,0
2023-12-07,13.924999999999999,19.929166666666667,645.0416666666666,0.0,24.8625,82.08333333333333,4.658333333333333,220.08333333333334,39.5,978.6916666666666,12,False,15.470833333333333,0
2023-12-08,15.470833333333333,22.145833333333332,815.2083333333334,0.0,24.3,87.04166666666667,4.154166666666667,192.83333333333334,3.6,977.8916666666668,12,False,26.429166666666664,0
2023-12-09,26.429166666666664,37.916666666666664,1240.875,0.0,25.016666666666666,83.83333333333333,2.8083333333333336,211.45833333333334,0.8,976.6666666666666,12,False,24.7,0
2023-12-10,24.7,35.4125,1044.1666666666667,0.0,25.245833333333334,83.33333333333333,3.4166666666666665,207.33333333333334,0.1,975.2375000000001,12,False,23.383333333333336,0
2023-12-11,23.383333333333336,33.46666666666667,1107.3333333333333,0.0,25.366666666666664,81.54166666666667,3.4875000000000003,237.95833333333334,0.0,976.4250000000001,12,False,26.229166666666668,0
2023-12-12,26.229166666666668,37.55833333333333,949.7083333333334,0.0,25.358333333333334,82.20833333333333,4.045833333333333,249.08333333333334,0.2,976.6166666666667,12,False,27.97083333333333,0
2023-12-13,27.97083333333333,39.112500000000004,945.4166666666666,0.0,24.833333333333332,82.04166666666667,4.741666666666666,251.58333333333334,0.3,978.0291666666667,12,False,28.1375,0
2023-12-14,28.1375,35.737500000000004,919.9583333333334,0.0,24.766666666666666,77.91666666666667,3.4375,238.04166666666666,0.0,979.0958333333333,12,False,26.616666666666664,0
2023-12-15,26.616666666666664,39.92916666666667,945.75,0.0,24.40416666666667,77.29166666666667,3.4250000000000003,232.29166666666666,0.0,978.5416666666666,12,False,22.483333333333334,0
2023-12-16,22.483333333333334,32.55416666666667,864.7083333333334,0.0,23.520833333333332,77.45833333333333,3.9625,252.33333333333334,0.0,978.3291666666668,12,False,20.804166666666667,0
2023-12-17,20.804166666666667,30.270833333333332,773.125,0.0,23.150000000000002,76.375,4.104166666666667,253.125,0.0,979.375,12,False,23.8625,0
2023-12-18,23.8625,34.670833333333334,934.4166666666666,0.0,23.541666666666668,78.25,4.245833333333334,259.3333333333333,0.2,980.0500000000001,12,False,23.958333333333332,0
2023-12-19,23.958333333333332,34.512499999999996,1029.1666666666667,0.0,23.5,76.33333333333333,3.8666666666666667,245.54166666666666,0.0,979.8833333333333,12,False,21.974999999999998,0
2023-12-20,21.974999999999998,31.858333333333334,999.1666666666666,0.25,22.875,72.58333333333333,4.554166666666666,252.45833333333334,0.0,979.4083333333333,12,False,17.116666666666667,0
2023-12-21,17.116666666666667,24.633333333333336,877.625,0.0,22.662499999999998,76.20833333333333,5.016666666666667,238.375,0.0,980.0416666666666,12,False,15.825000000000001,0
2023-12-22,15.825000000000001,22.90416666666667,698.125,0.0,22.275000000000002,68.375,6.7749999999999995,179.83333333333334,0.0,982.7166666666667,12,False,15.866666666666667,0
2023-12-23,15.866666666666667,23.379166666666666,627.8333333333334,0.0,19.691666666666666,70.33333333333333,5.920833333333333,308.875,0.0,984.85,12,False,15.1625,0
2023-12-24,15.1625,22.45,655.7916666666666,0.0,19.104166666666668,66.41666666666667,4.941666666666666,220.625,0.0,985.2958333333332,12,False,17.291666666666668,0
2023-12-25,17.291666666666668,25.3625,725.25,0.0,19.5375,67.33333333333333,4.7875,239.70833333333334,0.0,983.8333333333334,12,False,23.05,0
2023-12-26,23.05,33.44583333333333,995.0,0.0,20.254166666666666,71.41666666666667,4.529166666666667,222.45833333333334,0.0,983.1083333333332,12,False,19.875,0
2023-12-27,19.875,28.629166666666666,973.5416666666666,0.0,21.204166666666666,72.91666666666667,4.3500000000000005,258.4583333333333,0.0,983.0875,12,False,19.504166666666666,0
2023-12-28,19.504166666666666,28.087500000000002,925.3333333333334,0.0,21.72083333333333,73.0,4.8,249.33333333333334,0.0,981.5458333333332,12,False,19.970833333333335,0
2023-12-29,19.970833333333335,28.724999999999998,902.1666666666666,0.125,22.166666666666668,69.5,4.2250000000000005,245.08333333333334,0.0,980.3083333333334,12,False,19.925,0
2023-12-30,19.925,28.712500000000002,823.625,0.375,21.97083333333333,69.41666666666667,3.9416666666666664,245.66666666666666,0.0,979.1875,12,False,18.958333333333332,0
2023-12-31,18.958333333333332,27.28333333333333,819.9583333333334,0.25,21.808333333333334,69.75,4.075,264.0833333333333,0.0,978.9041666666667,12,False,20.020833333333332,0
2024-01-01,20.020833333333332,28.770833333333332,837.2916666666666,0.125,21.787499999999998,71.25,4.408333333333333,244.5,0.0,978.4499999999999,1,False,19.883333333333333,0
2024-01-02,19.883333333333333,28.445833333333336,958.25,0.0,22.212500000000002,68.54166666666667,3.6958333333333333,233.45833333333334,0.0,978.1833333333334,1,False,18.233333333333334,0
2024-01-03,18.233333333333334,26.104166666666668,847.125,0.0,22.241666666666664,69.16666666666667,4.391666666666667,242.0,0.0,978.4416666666666,1,False,18.7375,0
2024-01-04,18.7375,27.0625,824.75,0.0,22.445833333333336,70.5,4.629166666666666,243.66666666666666,0.0,978.5749999999999,1,False,16.712500000000002,0
2024-01-05,16.712500000000002,24.27916666666667,793.4166666666666,0.0,22.995833333333334,67.625,3.5416666666666665,242.58333333333334,0.0,978.7958333333332,1,False,18.3,0
2024-01-06,18.3,26.537499999999998,869.6666666666666,0.0,22.90416666666667,70.58333333333333,3.7874999999999996,239.41666666666666,0.0,979.0166666666668,1,False,19.266666666666666,0
2024-01-07,19.266666666666666,27.925,883.6666666666666,0.0,23.616666666666664,74.0,4.241666666666666,265.125,0.1,978.9,1,False,20.354166666666668,0
2024-01-08,20.354166666666668,29.52916666666667,852.1666666666666,0.0,23.833333333333332,72.20833333333333,3.5041666666666664,227.29166666666666,0.0,978.3791666666666,1,False,20.745833333333334,0
2024-01-09,20.745833333333334,30.15833333333333,932.2083333333334,0.0,24.054166666666664,69.04166666666667,3.404166666666667,237.33333333333334,0.0,976.9833333333332,1,False,17.662499999999998,0
2024-01-10,17.662499999999998,25.55,844.625,0.0,23.445833333333336,64.75,3.4458333333333333,254.66666666666666,0.0,976.1541666666667,1,False,22.075,0
2024-01-11,22.075,31.870833333333334,889.3333333333334,0.0,23.441666666666666,64.70833333333333,3.8708333333333336,245.70833333333334,0.0,976.6166666666667,1,False,23.22083333333333,0
2024-01-12,23.22083333333333,33.34583333333333,916.125,0.0,23.3875,66.375,3.1,232.66666666666666,0.0,976.1416666666668,1,False,24.9875,0
2024-01-13,24.9875,35.895833333333336,784.125,0.0,23.90833333333333,62.333333333333336,3.058333333333333,242.45833333333334,0.0,976.8041666666667,1,False,21.945833333333336,0
2024-01-14,21.945833333333336,31.695833333333336,640.1666666666666,0.0,22.84166666666667,80.54166666666667,4.458333333333333,243.83333333333334,4.1,979.0166666666668,1,False,17.220833333333335,0
2024-01-15,17.220833333333335,25.004166666666666,667.75,0.0,22.34583333333333,83.375,5.795833333333333,261.2916666666667,7.4,979.3208333333333,1,False,20.704166666666666,0
2024-01-16,20.704166666666666,30.0625,765.6666666666666,0.0,21.866666666666664,84.5,4.020833333333333,242.79166666666666,3.1,978.7041666666668,1,False,20.0,0
2024-01-17,20.0,28.916666666666668,849.5,0.0,21.895833333333332,81.95833333333333,4.595833333333333,246.375,2.0,978.15,1,False,24.266666666666666,0
2024-01-18,24.266666666666666,35.15416666666667,1038.7916666666667,0.0,22.066666666666666,78.54166666666667,4.1875,237.04166666666666,0.0,977.6041666666666,1,False,18.9875,0
2024-01-19,18.9875,27.491666666666664,1039.9166666666667,0.0,22.483333333333334,68.08333333333333,3.6291666666666664,238.04166666666666,0.0,977.0541666666667,1,False,17.166666666666668,0
2024-01-20,17.166666666666668,24.787499999999998,830.7916666666666,0.0,20.962500000000002,64.375,3.391666666666666,260.75,0.0,977.2083333333334,1,False,16.650000000000002,0
2024-01-21,16.650000000000002,24.066666666666666,904.25,0.125,20.8125,61.541666666666664,3.9958333333333336,240.58333333333334,0.0,977.7791666666667,1,False,19.154166666666665,0
2024-01-22,19.154166666666665,27.833333333333332,855.5833333333334,0.5833333333333334,21.054166666666667,59.708333333333336,2.7125,254.70833333333334,0.0,978.8125,1,False,21.849999999999998,0
2024-01-23,21.849999999999998,31.75,793.8333333333334,0.625,21.5625,63.166666666666664,4.366666666666666,245.45833333333334,0.0,979.15,1,False,17.925,0
2024-01-24,17.925,25.916666666666668,588.0,0.0,22.129166666666666,72.375,6.108333333333333,209.04166666666666,0.30000000000000004,980.6458333333334,1,False,24.537499999999998,0
2024-01-25,24.537499999999998,35.545833333333334,675.0833333333334,0.0,22.066666666666666,74.66666666666667,7.008333333333333,202.70833333333334,0.1,982.6166666666667,1,False,18.004166666666666,0
2024-01-26,18.004166666666666,25.945833333333336,623.0833333333334,0.0,20.75,78.95833333333333,5.908333333333334,216.83333333333334,0.0,983.4166666666666,1,False,20.395833333333332,0
2024-01-27,20.395833333333332,29.44583333333333,621.25,0.0,20.775000000000002,81.625,5.025,240.375,0.0,982.2333333333332,1,False,19.6375,0
2024-01-28,19.6375,28.400000000000002,732.875,0.0,21.229166666666668,84.58333333333333,5.125,246.875,1.5,981.3791666666666,1,False,19.275000000000002,0
2024-01-29,19.275000000000002,27.820833333333336,654.875,0.0,22.791666666666668,81.5,6.329166666666667,154.875,1.5,980.7583333333333,1,False,18.412499999999998,0
2024-01-30,18.412499999999998,26.629166666666666,493.7083333333333,0.0,22.433333333333334,83.58333333333333,5.045833333333333,215.20833333333334,1.4,980.1833333333334,1,False,16.625,0
2024-01-31,16.625,23.866666666666664,606.3333333333334,0.0,22.175,79.16666666666667,3.0041666666666664,205.625,0.0,979.875,1,False,16.712500000000002,0
2024-02-01,16.712500000000002,24.075,882.7083333333334,0.0,22.854166666666668,63.458333333333336,3.1958333333333333,234.91666666666666,0.0,979.7125,2,False,15.375,0
2024-02-02,15.375,22.070833333333336,925.7083333333334,0.0,22.554166666666664,60.958333333333336,3.845833333333333,231.58333333333334,0.0,978.5875,2,False,17.679166666666667,0
2024-02-03,17.679166666666667,25.65416666666667,946.6666666666666,0.20833333333333334,22.6375,56.916666666666664,4.3625,245.16666666666666,0.0,978.3583333333332,2,False,24.295833333333334,0
2024-02-04,24.295833333333334,36.9,834.4166666666666,1.375,21.7625,56.583333333333336,3.0541666666666667,234.91666666666666,0.0,978.9458333333333,2,False,22.59166666666667,0
2024-02-05,22.59166666666667,33.5875,985.375,1.5,23.129166666666666,54.666666666666664,3.7416666666666667,233.25,0.0,978.8333333333334,2,False,22.429166666666664,0
2024-02-06,22.429166666666664,33.604166666666664,988.0,3.9583333333333335,23.333333333333332,56.333333333333336,2.8791666666666664,256.7083333333333,0.0,978.9958333333334,2,False,24.979166666666668,0
2024-02-07,24.979166666666668,38.362500000000004,987.0,7.625,23.15416666666667,60.125,3.1,247.41666666666666,0.0,977.8375,2,False,26.883333333333336,0
2024-02-08,26.883333333333336,41.61666666666667,984.5,7.041666666666667,24.233333333333334,54.75,3.15,239.5,0.0,976.1833333333334,2,False,26.991666666666664,0
2024-02-09,26.991666666666664,40.858333333333334,885.0,4.416666666666667,25.27916666666667,56.541666666666664,3.795833333333333,218.79166666666666,0.0,977.2666666666668,2,False,28.599999999999998,0
2024-02-10,28.599999999999998,41.729166666666664,628.1666666666666,0.3333333333333333,25.241666666666664,70.25,7.758333333333333,211.75,2.4,980.5666666666666,2,False,40.44166666666667,1
2024-02-11,40.44166666666667,58.75,731.6666666666666,1.0416666666666667,23.65416666666667,75.54166666666667,6.108333333333333,205.375,1.4000000000000001,983.9916666666667,2,True,34.520833333333336,0
2024-02-12,34.520833333333336,50.51666666666667,1074.2916666666667,1.0,23.245833333333334,69.08333333333333,5.2250000000000005,259.9166666666667,0.0,982.8291666666668,2,False,24.058333333333334,0
2024-02-13,24.058333333333334,35.12083333333333,965.0,0.5833333333333334,24.566666666666666,60.541666666666664,3.733333333333333,243.04166666666666,0.0,980.8083333333334,2,False,21.625,0
2024-02-14,21.625,31.608333333333334,932.0416666666666,0.625,24.495833333333334,59.041666666666664,4.029166666666667,244.08333333333334,0.0,979.1333333333333,2,False,25.316666666666666,0
2024-02-15,25.316666666666666,36.733333333333334,1038.4166666666667,0.125,24.354166666666668,57.833333333333336,4.379166666666666,280.75,0.0,979.1,2,False,25.441666666666666,0
2024-02-16,25.441666666666666,36.80416666666667,845.6666666666666,0.125,25.045833333333334,56.75,4.466666666666667,245.58333333333334,0.0,978.5458333333332,2,False,24.983333333333334,0
2024-02-17,24.983333333333334,36.4125,823.625,0.375,24.90416666666667,61.041666666666664,4.341666666666667,205.70833333333334,0.0,976.0541666666667,2,False,19.416666666666668,0
2024-02-18,19.416666666666668,28.629166666666666,976.0416666666666,0.75,23.27916666666667,58.708333333333336,5.0125,242.54166666666666,0.0,975.975,2,False,18.979166666666668,0
2024-02-19,18.979166666666668,27.59583333333333,909.25,0.375,22.916666666666668,57.5,4.845833333333333,248.125,0.0,976.1999999999999,2,False,17.191666666666666,0
2024-02-20,17.191666666666666,24.995833333333334,877.9583333333334,0.125,23.858333333333334,55.791666666666664,6.654166666666666,230.75,0.0,975.2041666666668,2,False,19.775000000000002,0
2024-02-21,19.775000000000002,29.079166666666666,933.2083333333334,1.1666666666666667,22.599999999999998,53.25,4.3374999999999995,238.375,0.0,975.5749999999999,2,False,22.900000000000002,0
2024-02-22,22.900000000000002,33.8125,885.25,1.1666666666666667,23.875,49.833333333333336,4.204166666666667,250.0,0.0,976.6666666666666,2,False,21.295833333333334,0
2024-02-23,21.295833333333334,31.366666666666664,949.9166666666666,0.5,25.441666666666666,46.208333333333336,4.6000000000000005,226.20833333333334,0.0,977.35,2,False,22.7,0
2024-02-24,22.7,33.0375,916.2083333333334,0.25,23.983333333333334,48.125,3.995833333333333,243.16666666666666,0.0,977.4291666666667,2,False,26.9875,0
2024-02-25,26.9875,39.32083333333333,870.625,0.0,26.287499999999998,48.125,2.529166666666667,246.0,0.0,977.2708333333334,2,False,34.55833333333333,0
2024-02-26,34.55833333333333,50.4,677.875,0.0,26.604166666666668,50.25,4.579166666666667,251.625,0.0,977.5541666666667,2,False,33.291666666666664,0
2024-02-27,33.291666666666664,48.75833333333333,665.4583333333334,0.0,27.333333333333332,62.25,6.629166666666666,229.83333333333334,0.0,976.725,2,False,25.3125,0
2024-02-28,25.3125,37.016666666666666,581.875,0.0,27.891666666666666,57.416666666666664,6.429166666666667,204.54166666666666,0.0,975.125,2,False,18.745833333333334,0
2024-02-29,18.745833333333334,27.3,670.0,0.5,26.400000000000002,52.291666666666664,5.2749999999999995,229.83333333333334,0.0,974.9541666666668,2,False,21.729166666666668,0
2024-03-01,21.729166666666668,31.775000000000002,728.6666666666666,0.5833333333333334,26.84583333333333,47.708333333333336,4.004166666666667,239.375,0.0,975.6166666666667,3,False,28.275000000000002,0
2024-03-02,28.275000000000002,41.391666666666666,529.5416666666666,0.25,28.245833333333334,46.458333333333336,5.3125,225.29166666666666,0.0,975.8874999999999,3,False,24.504166666666666,0
2024-03-03,24.504166666666666,36.15833333333333,544.5416666666666,0.5,27.8875,54.25,5.983333333333333,212.29166666666666,0.1,975.4375,3,False,18.145833333333332,0
2024-03-04,18.145833333333332,26.829166666666666,754.5,0.6666666666666666,26.891666666666666,49.666666666666664,5.1875,211.79166666666666,0.0,974.35,3,False,24.354166666666668,0
2024-03-05,24.354166666666668,36.07083333333333,909.9166666666666,1.7083333333333333,26.95,47.916666666666664,4.220833333333333,218.91666666666666,0.0,973.6416666666668,3,False,31.4875,0
2024-03-06,31.4875,46.166666666666664,959.2916666666666,1.5416666666666667,27.170833333333334,43.666666666666664,3.9,227.875,0.0,972.9125,3,False,49.854166666666664,1
2024-03-07,49.854166666666664,73.39583333333333,1021.875,1.2083333333333333,28.083333333333332,44.416666666666664,4.383333333333334,247.29166666666666,0.0,973.0541666666667,3,True,40.28333333333333,1
2024-03-08,40.28333333333333,59.637499999999996,790.125,0.7083333333333334,28.820833333333336,47.666666666666664,5.841666666666666,219.125,0.0,973.4458333333333,3,True,24.6125,0
2024-03-09,24.6125,36.4,559.2916666666666,0.375,28.7,42.125,6.533333333333334,224.75,0.0,974.0083333333333,3,False,24.308333333333334,0
2024-03-10,24.308333333333334,36.275,672.9583333333334,1.4583333333333333,28.633333333333336,39.833333333333336,5.683333333333334,216.5,0.0,976.1374999999999,3,False,23.8125,0
2024-03-11,23.8125,35.63333333333333,710.2916666666666,1.5,28.5,40.416666666666664,5.125,220.375,0.0,977.4958333333334,3,False,29.5125,0
2024-03-12,29.5125,44.07083333333333,457.8333333333333,0.5,28.958333333333332,39.708333333333336,6.979166666666667,235.45833333333334,0.0,976.2208333333333,3,False,16.066666666666666,0
2024-03-13,16.066666666666666,23.633333333333336,606.0833333333334,0.4166666666666667,27.104166666666668,46.541666666666664,6.55,214.83333333333334,0.0,975.5958333333333,3,False,32.487500000000004,0
2024-03-14,32.487500000000004,47.98333333333333,959.6666666666666,2.5416666666666665,26.458333333333332,41.708333333333336,3.8833333333333333,230.58333333333334,0.0,975.4416666666666,3,False,53.55833333333334,1
2024-03-15,53.55833333333334,79.02499999999999,1226.75,3.125,28.275000000000002,38.541666666666664,3.0124999999999997,232.625,0.0,975.5875,3,True,45.57083333333333,1
2024-03-16,45.57083333333333,68.5625,947.625,2.0,29.133333333333336,40.0,5.420833333333333,204.66666666666666,0.0,976.2833333333333,3,True,45.041666666666664,1
2024-03-17,45.041666666666664,69.10416666666667,673.0416666666666,1.7083333333333333,29.545833333333334,43.333333333333336,4.979166666666667,187.20833333333334,0.4,976.1166666666667,3,True,39.458333333333336,1
2024-03-18,39.458333333333336,60.26666666666667,791.5,1.2083333333333333,29.97083333333333,43.958333333333336,4.991666666666666,201.91666666666666,0.0,975.1208333333334,3,True,49.041666666666664,1
2024-03-19,49.041666666666664,73.95416666666667,766.2083333333334,1.5,29.3875,48.458333333333336,5.875,189.95833333333334,0.8999999999999999,975.8041666666667,3,True,23.683333333333334,0
2024-03-20,23.683333333333334,34.05416666666667,575.0833333333334,0.0,26.129166666666666,72.29166666666667,6.691666666666666,192.83333333333334,7.0,980.0458333333332,3,False,22.900000000000002,0
2024-03-21,22.900000000000002,33.025,686.7916666666666,0.0,26.066666666666666,73.58333333333333,4.783333333333333,214.625,0.1,977.5916666666667,3,False,26.804166666666664,0
2024-03-22,26.804166666666664,39.104166666666664,818.0,0.25,26.770833333333332,65.45833333333333,4.195833333333334,262.4583333333333,0.1,973.775,3,False,19.341666666666665,0
2024-03-23,19.341666666666665,28.537499999999998,740.125,0.5,27.3125,48.583333333333336,7.0625,237.04166666666666,0.0,972.8041666666667,3,False,17.541666666666668,0
2024-03-24,17.541666666666668,26.275000000000002,611.5416666666666,2.0416666666666665,26.458333333333332,43.541666666666664,5.158333333333333,234.75,0.0,974.9499999999999,3,False,20.895833333333332,0
2024-03-25,20.895833333333332,31.145833333333332,680.6666666666666,2.2083333333333335,27.641666666666666,40.458333333333336,4.541666666666667,284.1666666666667,0.0,975.6583333333333,3,False,30.71666666666667,0
2024-03-26,30.71666666666667,45.89166666666667,675.3333333333334,2.7916666666666665,28.433333333333334,39.375,5.745833333333334,222.625,0.0,976.4625,3,False,33.43333333333333,0
2024-03-27,33.43333333333333,50.24583333333334,488.3333333333333,2.4583333333333335,30.479166666666668,43.708333333333336,7.491666666666667,178.20833333333334,0.0,977.8208333333333,3,False,28.325,0
2024-03-28,28.325,42.99166666666667,607.9583333333334,2.875,28.9875,44.666666666666664,5.470833333333334,220.33333333333334,0.0,975.1750000000001,3,False,27.0625,0
2024-03-29,27.0625,41.30833333333333,699.9166666666666,2.2916666666666665,29.891666666666666,35.625,6.266666666666667,238.33333333333334,0.0,974.6625,3,False,26.03333333333333,0
2024-03-30,26.03333333333333,40.77916666666667,723.625,4.333333333333333,29.104166666666668,42.416666666666664,6.491666666666667,233.79166666666666,0.0,975.4833333333332,3,False,34.858333333333334,0
2024-03-31,34.858333333333334,56.1625,895.4166666666666,6.333333333333333,29.925,42.75,5.845833333333334,243.08333333333334,0.0,974.7708333333334,3,False,29.912499999999998,0
2024-04-01,29.912499999999998,47.9125,767.1666666666666,3.9583333333333335,30.575,40.416666666666664,4.05,216.16666666666666,0.0,972.5958333333333,4,False,29.920833333333334,0
2024-04-02,29.920833333333334,47.12083333333334,837.8333333333334,2.6666666666666665,30.508333333333336,39.458333333333336,4.791666666666667,242.41666666666666,0.0,971.2375000000001,4,False,36.55416666666667,0
2024-04-03,36.55416666666667,56.67083333333333,787.7916666666666,3.5833333333333335,30.604166666666668,38.0,5.154166666666667,218.58333333333334,0.0,972.0124999999999,4,False,33.641666666666666,0
2024-04-04,33.641666666666666,53.145833333333336,788.0416666666666,3.125,31.233333333333334,42.583333333333336,4.0249999999999995,210.70833333333334,0.0,972.0041666666666,4,False,38.0,1
2024-04-05,38.0,58.99166666666667,800.125,4.0,31.954166666666666,42.083333333333336,5.5,195.58333333333334,0.0,971.2791666666667,4,True,40.77916666666667,1
2024-04-06,40.77916666666667,64.12083333333334,640.9166666666666,4.291666666666667,33.1875,43.458333333333336,6.075,176.45833333333334,0.0,971.725,4,True,41.84583333333333,1
2024-04-07,41.84583333333333,64.97500000000001,642.5416666666666,2.0,33.6875,42.416666666666664,5.895833333333333,174.33333333333334,0.0,971.5958333333333,4,True,37.416666666666664,0
2024-04-08,37.416666666666664,57.06666666666666,660.9166666666666,0.9583333333333334,33.02916666666666,42.458333333333336,4.7375,175.29166666666666,0.0,973.0583333333334,4,False,43.93333333333334,1
2024-04-09,43.93333333333334,66.875,800.2083333333334,1.0833333333333333,33.016666666666666,41.25,5.245833333333334,192.0,0.30000000000000004,974.0208333333334,4,True,43.80833333333334,1
2024-04-10,43.80833333333334,64.91250000000001,672.0416666666666,0.375,30.620833333333334,52.041666666666664,6.120833333333334,175.95833333333334,0.0,976.6333333333333,4,True,44.0375,1
2024-04-11,44.0375,64.25,765.5833333333334,0.375,29.90416666666667,58.166666666666664,5.1875,212.33333333333334,0.0,976.5458333333332,4,True,29.53333333333333,0
2024-04-12,29.53333333333333,43.324999999999996,793.2916666666666,0.0,30.59583333333333,53.5,4.720833333333333,208.70833333333334,0.0,975.5124999999999,4,False,32.84166666666667,0
2024-04-13,32.84166666666667,48.625,651.3333333333334,0.4166666666666667,30.491666666666664,55.333333333333336,4.570833333333334,220.375,0.1,974.5875,4,False,27.495833333333334,0
2024-04-14,27.495833333333334,40.44166666666667,776.4166666666666,0.375,30.795833333333334,51.458333333333336,5.508333333333333,243.45833333333334,1.4,974.6583333333333,4,False,29.791666666666668,0
2024-04-15,29.791666666666668,43.98333333333333,753.875,0.5416666666666666,28.691666666666666,67.29166666666667,5.866666666666667,244.95833333333334,7.2,975.3541666666666,4,False,29.141666666666666,0
2024-04-16,29.141666666666666,43.541666666666664,827.2083333333334,1.375,30.670833333333334,58.208333333333336,4.625,204.375,0.0,973.6374999999999,4,False,21.020833333333332,0
2024-04-17,21.020833333333332,31.741666666666664,649.25,0.9166666666666666,31.8875,45.333333333333336,5.279166666666667,208.16666666666666,0.0,972.2375000000001,4,False,29.900000000000002,0
2024-04-18,29.900000000000002,46.34583333333333,716.125,2.5416666666666665,31.233333333333334,43.916666666666664,4.495833333333334,260.125,0.39999999999999997,971.4458333333333,4,False,33.68333333333333,0
2024-04-19,33.68333333333333,53.92916666666667,781.7083333333334,5.833333333333333,30.875,53.25,5.233333333333333,240.91666666666666,0.1,970.0375,4,False,29.566666666666666,0
2024-04-20,29.566666666666666,47.43333333333334,691.5416666666666,6.416666666666667,31.433333333333334,48.583333333333336,5.8125,193.29166666666666,0.0,969.6208333333334,4,False,27.97083333333333,0
2024-04-21,27.97083333333333,44.54583333333333,742.7083333333334,8.583333333333334,32.65833333333333,41.458333333333336,5.520833333333333,213.75,0.0,970.4583333333334,4,False,26.329166666666666,0
2024-04-22,26.329166666666666,43.5875,563.9583333333334,9.833333333333334,32.7875,41.916666666666664,6.920833333333333,201.20833333333334,0.0,970.3666666666667,4,False,28.09583333333333,0
2024-04-23,28.09583333333333,44.60833333333333,576.1666666666666,3.7916666666666665,32.75416666666667,44.375,5.666666666666667,228.625,0.0,969.9958333333334,4,False,26.045833333333334,0
2024-04-24,26.045833333333334,40.550000000000004,619.2083333333334,2.4583333333333335,33.53333333333333,42.458333333333336,5.916666666666667,206.95833333333334,0.3,970.3625000000001,4,False,28.5,0
2024-04-25,28.5,44.541666666666664,613.375,2.75,31.954166666666666,49.25,4.495833333333334,205.79166666666666,0.39999999999999997,971.0625,4,False,24.683333333333334,0
2024-04-26,24.683333333333334,38.53333333333333,679.9583333333334,2.4166666666666665,31.983333333333334,47.375,4.6125,235.79166666666666,0.1,970.2916666666666,4,False,32.47083333333333,0
2024-04-27,32.47083333333333,50.425000000000004,694.1666666666666,2.7083333333333335,32.75,42.291666666666664,4.029166666666667,203.91666666666666,0.0,970.0958333333333,4,False,32.90833333333334,0
2024-04-28,32.90833333333334,51.574999999999996,592.5416666666666,3.0416666666666665,32.854166666666664,43.25,4.75,205.83333333333334,0.0,970.6875,4,False,31.15833333333333,0
2024-04-29,31.15833333333333,49.38333333333333,596.6666666666666,3.125,33.65416666666667,44.333333333333336,5.441666666666666,234.41666666666666,0.0,971.1791666666667,4,False,26.070833333333336,0
2024-04-30,26.070833333333336,40.37083333333333,561.0,1.8333333333333333,33.99166666666667,38.958333333333336,5.4750000000000005,231.66666666666666,0.0,968.8000000000001,4,False,27.65833333333333,0
2024-05-01,27.65833333333333,41.979166666666664,583.4583333333334,2.0416666666666665,33.75416666666667,39.625,5.016666666666667,210.625,0.30000000000000004,968.3333333333334,5,False,37.9625,1
2024-05-02,37.9625,57.9,548.875,2.2916666666666665,33.641666666666666,41.458333333333336,5.8500000000000005,215.70833333333334,0.0,969.3541666666666,5,True,32.487500000000004,0
2024-05-03,32.487500000000004,48.92916666666667,565.6666666666666,1.125,31.229166666666668,55.458333333333336,2.845833333333333,198.66666666666666,2.9,971.8833333333333,5,False,28.708333333333332,0
2024-05-04,28.708333333333332,43.59583333333333,703.6666666666666,2.2083333333333335,30.27916666666667,58.583333333333336,3.720833333333333,215.625,0.0,971.2875,5,False,24.46666666666667,0
2024-05-05,24.46666666666667,37.295833333333334,588.7916666666666,1.5416666666666667,31.45,54.666666666666664,4.595833333333333,249.33333333333334,0.0,970.2291666666666,5,False,28.5125,0
2024-05-06,28.5125,45.020833333333336,652.5833333333334,4.041666666666667,32.145833333333336,45.5,4.3,165.33333333333334,0.0,972.4416666666666,5,False,38.72083333333333,1
2024-05-07,38.72083333333333,58.85,573.625,2.625,30.754166666666666,53.583333333333336,7.195833333333333,189.95833333333334,0.30000000000000004,975.2833333333333,5,True,36.775,0
2024-05-08,36.775,54.73333333333333,468.6666666666667,2.1666666666666665,28.9875,65.45833333333333,5.0625,214.375,17.0,975.4666666666667,5,False,30.27916666666667,0
2024-05-09,30.27916666666667,44.979166666666664,508.875,1.7083333333333333,28.575,71.70833333333333,5.6000000000000005,216.04166666666666,2.0,974.1958333333333,5,False,21.825,0
2024-05-10,21.825,31.825,430.4583333333333,0.375,27.4375,76.75,5.416666666666667,204.95833333333334,16.6,975.275,5,False,23.483333333333334,0
2024-05-11,23.483333333333334,34.25416666666667,495.5,0.4583333333333333,27.454166666666666,76.08333333333333,5.145833333333333,206.625,24.9,976.1125000000001,5,False,20.3875,0
2024-05-12,20.3875,29.566666666666666,657.8333333333334,0.0,28.558333333333334,73.125,3.6958333333333333,231.08333333333334,1.3,975.3166666666666,5,False,25.820833333333336,0
2024-05-13,25.820833333333336,38.0375,604.3333333333334,1.0,29.400000000000002,72.25,4.2625,245.41666666666666,1.0999999999999999,974.0916666666667,5,False,20.029166666666665,0
2024-05-14,20.029166666666665,29.337500000000002,536.1666666666666,0.75,29.974999999999998,68.29166666666667,3.6625,205.70833333333334,4.9,974.3583333333332,5,False,21.566666666666666,0
2024-05-15,21.566666666666666,31.28333333333333,713.75,0.5,29.3875,73.29166666666667,3.529166666666667,198.33333333333334,13.799999999999999,975.0666666666666,5,False,26.333333333333332,0
2024-05-16,26.333333333333332,37.925000000000004,799.6666666666666,0.375,31.383333333333336,62.791666666666664,5.666666666666667,188.66666666666666,3.9000000000000004,974.5458333333332,5,False,23.741666666666664,0
2024-05-17,23.741666666666664,34.045833333333334,543.1666666666666,0.0,28.2,79.625,6.004166666666666,212.66666666666666,24.3,973.8416666666667,5,False,19.8,0
2024-05-18,19.8,28.516666666666666,633.7916666666666,0.0,29.1375,77.5,3.404166666666667,235.45833333333334,7.1,971.5333333333333,5,False,25.454166666666666,0
2024-05-19,25.454166666666666,36.708333333333336,824.3333333333334,0.125,30.52916666666667,70.16666666666667,3.85,139.79166666666666,3.3,969.7166666666667,5,False,20.829166666666666,0
2024-05-20,20.829166666666666,30.266666666666666,561.0,0.5833333333333334,29.433333333333334,72.04166666666667,3.7375000000000003,130.125,39.2,970.0124999999999,5,False,12.120833333333332,0
2024-05-21,12.120833333333332,17.341666666666665,447.5833333333333,0.0,26.662499999999998,83.29166666666667,3.6333333333333333,181.41666666666666,30.3,972.5333333333333,5,False,11.387500000000001,0
2024-05-22,11.387500000000001,16.279166666666665,482.0833333333333,0.0,26.979166666666668,81.04166666666667,4.458333333333333,209.66666666666666,22.8,972.7583333333333,5,False,12.954166666666666,0
2024-05-23,12.954166666666666,18.508333333333333,546.125,0.0,26.008333333333336,86.29166666666667,4.916666666666667,222.16666666666666,36.800000000000004,972.1958333333333,5,False,6.745833333333334,0
2024-05-24,6.745833333333334,9.629166666666666,340.75,0.0,25.083333333333332,90.20833333333333,4.345833333333333,228.79166666666666,49.1,971.8791666666666,5,False,6.0874999999999995,0
2024-05-25,6.0874999999999995,8.729166666666666,351.5833333333333,0.0,24.9875,90.54166666666667,4.8500000000000005,215.16666666666666,37.1,972.4208333333332,5,False,6.379166666666666,0
2024-05-26,6.379166666666666,9.166666666666666,349.1666666666667,0.0,25.833333333333332,89.875,5.041666666666667,201.29166666666666,21.1,972.8041666666667,5,False,8.75,0
2024-05-27,8.75,12.558333333333332,415.2916666666667,0.0,26.77916666666667,86.41666666666667,4.491666666666666,201.0,19.0,971.5875,5,False,11.825000000000001,0
2024-05-28,11.825000000000001,16.95,485.4166666666667,0.16666666666666666,27.941666666666666,82.41666666666667,5.1125,183.70833333333334,5.3,970.9291666666667,5,False,17.045833333333334,0
2024-05-29,17.045833333333334,24.429166666666664,590.0416666666666,0.625,27.90833333333333,82.0,4.7749999999999995,175.75,5.0,970.3833333333333,5,False,23.974999999999998,0
2024-05-30,23.974999999999998,35.604166666666664,749.0416666666666,2.75,28.833333333333332,80.41666666666667,4.420833333333333,137.16666666666666,0.8,969.9291666666667,5,False,25.633333333333336,0
2024-05-31,25.633333333333336,39.87916666666667,729.8333333333334,7.416666666666667,29.054166666666664,82.29166666666667,4.558333333333334,171.41666666666666,5.3,970.1083333333332,5,False,16.55,0
2024-06-01,16.55,24.941666666666666,548.625,3.3333333333333335,26.983333333333334,86.33333333333333,4.570833333333334,220.54166666666666,11.1,972.85,6,False,9.0625,0
2024-06-02,9.0625,12.950000000000001,377.875,0.0,26.8875,85.79166666666667,3.358333333333333,192.54166666666666,12.9,974.2916666666666,6,False,12.725,0
2024-06-03,12.725,18.095833333333335,570.9583333333334,0.0,26.787499999999998,86.54166666666667,4.395833333333333,171.04166666666666,4.9,972.7958333333332,6,False,19.495833333333334,0
2024-06-04,19.495833333333334,28.241666666666664,858.5416666666666,1.625,27.775000000000002,80.83333333333333,4.1125,168.75,3.9000000000000004,972.0166666666668,6,False,21.2625,0
2024-06-05,21.2625,31.28333333333333,732.2916666666666,4.0,27.308333333333334,82.16666666666667,4.320833333333334,141.91666666666666,5.2,971.9708333333333,6,False,12.637500000000001,0
2024-06-06,12.637500000000001,18.095833333333335,480.625,0.75,27.358333333333334,81.75,4.766666666666667,230.54166666666666,5.3,972.5833333333334,6,False,12.291666666666666,0
2024-06-07,12.291666666666666,17.462500000000002,503.2916666666667,0.08333333333333333,27.391666666666666,82.91666666666667,4.983333333333333,232.45833333333334,6.1,970.975,6,False,17.720833333333335,0
2024-06-08,17.720833333333335,25.708333333333332,676.2916666666666,1.9166666666666667,27.133333333333336,84.375,3.7416666666666667,144.0,12.7,969.525,6,False,19.175,0
2024-06-09,19.175,28.608333333333334,789.4583333333334,4.875,27.1375,85.20833333333333,3.7458333333333336,162.95833333333334,3.4,969.1625,6,False,10.487499999999999,0
2024-06-10,10.487499999999999,15.15,364.625,1.3333333333333333,26.416666666666668,87.16666666666667,4.329166666666667,205.58333333333334,20.1,970.4083333333333,6,False,7.879166666666666,0
2024-06-11,7.879166666666666,11.208333333333334,329.7083333333333,0.0,25.754166666666666,89.5,5.25,214.5,37.0,971.7041666666668,6,False,8.454166666666667,0
2024-06-12,8.454166666666667,11.995833333333332,352.375,0.0,26.97083333333333,82.45833333333333,5.670833333333333,178.20833333333334,3.1,973.1458333333334,6,False,10.408333333333333,0
2024-06-13,10.408333333333333,14.858333333333334,455.625,0.0,26.425,84.95833333333333,3.7875,140.875,9.4,972.6208333333334,6,False,8.075000000000001,0
2024-06-14,8.075000000000001,11.545833333333334,386.6666666666667,0.0,27.287499999999998,80.91666666666667,5.179166666666667,169.79166666666666,2.5,970.5375,6,False,14.762500000000001,0
2024-06-15,14.762500000000001,21.291666666666668,653.7083333333334,0.875,27.90833333333333,81.29166666666667,3.404166666666667,149.625,4.9,970.1541666666667,6,False,21.683333333333334,0
2024-06-16,21.683333333333334,31.008333333333336,1092.75,0.625,27.483333333333334,83.54166666666667,4.0125,168.20833333333334,12.9,971.0916666666667,6,False,17.720833333333335,0
2024-06-17,17.720833333333335,25.333333333333332,908.125,0.2916666666666667,27.004166666666666,84.66666666666667,4.166666666666667,135.29166666666666,15.3,971.3208333333333,6,False,15.775,0
2024-06-18,15.775,23.041666666666668,689.4583333333334,2.0833333333333335,27.03333333333333,84.25,4.783333333333333,157.66666666666666,12.8,970.5458333333332,6,False,12.362499999999999,0
2024-06-19,12.362499999999999,17.645833333333332,579.2083333333334,0.875,27.425,79.08333333333333,4.241666666666666,143.04166666666666,2.9,970.0583333333334,6,False,11.945833333333333,0
2024-06-20,11.945833333333333,16.983333333333334,557.25,0.375,28.066666666666666,77.83333333333333,3.7083333333333335,144.45833333333334,1.2,969.6333333333333,6,False,15.274999999999999,0
2024-06-21,15.274999999999999,21.84166666666667,613.8333333333334,0.08333333333333333,28.104166666666668,80.0,4.0,164.875,1.8000000000000003,969.0,6,False,19.962500000000002,0
2024-06-22,19.962500000000002,28.758333333333336,617.7916666666666,0.5,28.708333333333332,79.33333333333333,4.229166666666667,154.875,2.1,968.4,6,False,19.325,0
2024-06-23,19.325,27.625,607.375,0.0,27.745833333333334,81.375,4.495833333333334,164.25,2.6,969.2041666666668,6,False,15.470833333333333,0
2024-06-24,15.470833333333333,22.0,482.75,0.0,26.650000000000002,86.79166666666667,5.341666666666666,161.58333333333334,2.7,969.1625,6,False,14.625,0
2024-06-25,14.625,20.837500000000002,474.5416666666667,0.0,26.3875,86.45833333333333,3.875,173.70833333333334,7.0,968.975,6,False,8.504166666666666,0
2024-06-26,8.504166666666666,12.125,361.875,0.0,25.558333333333334,89.70833333333333,4.5,222.875,25.9,970.9541666666668,6,False,7.841666666666666,0
2024-06-27,7.841666666666666,11.208333333333334,354.6666666666667,0.0,26.104166666666668,87.0,5.483333333333333,244.58333333333334,19.5,973.2708333333334,6,False,13.979166666666666,0
2024-06-28,13.979166666666666,20.0625,554.5833333333334,0.20833333333333334,27.28333333333333,84.16666666666667,3.9458333333333333,188.41666666666666,2.2,972.3708333333334,6,False,12.266666666666666,0
2024-06-29,12.266666666666666,17.458333333333332,453.0833333333333,0.375,27.462500000000002,83.0,4.329166666666667,155.0,24.5,972.3458333333333,6,False,12.345833333333333,0
2024-06-30,12.345833333333333,17.645833333333332,460.75,0.6666666666666666,26.733333333333334,88.16666666666667,4.066666666666666,141.375,26.3,973.1958333333333,6,False,11.7875,0
2024-07-01,11.7875,17.033333333333335,495.2916666666667,1.0833333333333333,26.541666666666668,83.0,5.0125,160.875,1.1,972.1041666666666,7,False,14.404166666666667,0
2024-07-02,14.404166666666667,21.325,652.25,2.5833333333333335,27.0625,80.29166666666667,4.154166666666667,160.16666666666666,16.6,971.0166666666668,7,False,13.954166666666666,0
2024-07-03,13.954166666666666,20.479166666666668,597.625,2.4583333333333335,26.945833333333336,82.83333333333333,4.220833333333333,164.79166666666666,11.5,972.0208333333334,7,False,11.174999999999999,0
2024-07-04,11.174999999999999,15.908333333333333,368.9583333333333,0.7083333333333334,26.445833333333336,86.875,3.4375,202.04166666666666,11.3,973.8208333333333,7,False,13.408333333333333,0
2024-07-05,13.408333333333333,19.3625,453.2083333333333,1.5416666666666667,26.070833333333336,88.08333333333333,3.454166666666667,223.33333333333334,19.099999999999998,971.9708333333333,7,False,10.866666666666667,0
2024-07-06,10.866666666666667,15.475,414.8333333333333,0.5,26.391666666666666,85.70833333333333,3.9458333333333333,210.83333333333334,16.7,971.0333333333333,7,False,9.233333333333333,0
2024-07-07,9.233333333333333,13.179166666666667,338.9166666666667,0.2916666666666667,26.804166666666664,83.83333333333333,5.045833333333333,190.0,3.7,971.475,7,False,8.741666666666667,0
2024-07-08,8.741666666666667,12.450000000000001,361.7083333333333,0.0,26.541666666666668,85.75,4.495833333333334,230.70833333333334,25.3,971.8625000000001,7,False,15.579166666666666,0
2024-07-09,15.579166666666666,22.258333333333336,466.0416666666667,0.8333333333333334,26.900000000000002,85.70833333333333,3.9,176.75,6.6,972.475,7,False,22.695833333333336,0
2024-07-10,22.695833333333336,32.137499999999996,692.0416666666666,1.4166666666666667,27.25,82.33333333333333,3.5583333333333336,171.79166666666666,28.3,972.7875,7,False,14.829166666666666,0
2024-07-11,14.829166666666666,21.154166666666665,582.6666666666666,1.0,26.545833333333334,88.16666666666667,3.4291666666666667,148.41666666666666,13.600000000000001,971.4083333333333,7,False,18.3875,0
2024-07-12,18.3875,26.183333333333334,829.125,0.4583333333333333,26.958333333333332,83.70833333333333,4.6499999999999995,137.58333333333334,12.0,969.7083333333334,7,False,16.079166666666666,0
2024-07-13,16.079166666666666,22.804166666666664,768.7083333333334,0.4166666666666667,27.170833333333334,82.5,4.8125,150.04166666666666,4.9,967.9125,7,False,11.795833333333334,0
2024-07-14,11.795833333333334,16.724999999999998,472.75,0.0,27.150000000000002,83.29166666666667,4.804166666666666,175.54166666666666,7.1,968.8916666666668,7,False,17.429166666666667,0
2024-07-15,17.429166666666667,24.795833333333334,717.9166666666666,0.08333333333333333,27.008333333333336,86.375,3.7291666666666665,224.0,5.8,970.8458333333333,7,False,13.191666666666668,0
2024-07-16,13.191666666666668,18.8125,558.2916666666666,0.0,26.96666666666667,87.08333333333333,2.954166666666667,134.875,26.8,970.0291666666667,7,False,11.270833333333334,0
2024-07-17,11.270833333333334,16.116666666666667,456.5,0.0,26.95,85.41666666666667,4.175,197.95833333333334,7.800000000000001,969.6041666666666,7,False,15.65,0
2024-07-18,15.65,22.337500000000002,701.375,0.0,26.308333333333334,88.79166666666667,4.133333333333334,167.20833333333334,11.700000000000001,969.6208333333334,7,False,13.712499999999999,0
2024-07-19,13.712499999999999,19.554166666666667,565.0,0.0,26.170833333333334,89.95833333333333,4.1000000000000005,138.0,38.2,969.3083333333334,7,False,13.174999999999999,0
2024-07-20,13.174999999999999,18.808333333333334,596.625,0.0,26.504166666666666,87.75,3.608333333333333,149.875,16.9,970.9083333333333,7,False,11.441666666666668,0
2024-07-21,11.441666666666668,16.3375,538.0833333333334,0.0,26.504166666666666,86.33333333333333,3.0416666666666665,173.125,18.7,971.7458333333334,7,False,15.070833333333333,0
2024-07-22,15.070833333333333,21.5,715.125,0.0,25.675,89.625,3.6833333333333336,142.45833333333334,10.2,972.1833333333334,7,False,17.541666666666668,0
2024-07-23,17.541666666666668,25.09583333333333,705.9583333333334,0.16666666666666666,26.662499999999998,86.04166666666667,4.258333333333334,146.75,9.5,969.9333333333334,7,False,13.3125,0
2024-07-24,13.3125,19.133333333333333,699.3333333333334,0.5416666666666666,26.09583333333333,87.79166666666667,4.6499999999999995,145.45833333333334,19.9,966.9291666666667,7,False,8.0625,0
2024-07-25,8.0625,11.504166666666668,450.375,0.0,26.608333333333334,85.33333333333333,5.491666666666666,159.66666666666666,2.8000000000000003,965.9125,7,False,7.3999999999999995,0
2024-07-26,7.3999999999999995,10.570833333333333,360.875,0.08333333333333333,25.333333333333332,91.25,5.083333333333333,152.04166666666666,34.6,967.7333333333332,7,False,8.979166666666666,0
2024-07-27,8.979166666666666,12.791666666666666,398.2916666666667,0.0,26.370833333333334,86.66666666666667,4.608333333333333,147.20833333333334,16.799999999999997,970.0374999999999,7,False,9.208333333333334,0
2024-07-28,9.208333333333334,13.112499999999999,389.75,0.0,25.704166666666666,89.75,4.858333333333333,187.29166666666666,27.9,969.9416666666666,7,False,10.6625,0
2024-07-29,10.6625,15.208333333333334,437.5833333333333,0.0,26.34166666666667,86.58333333333333,3.6875,111.29166666666667,22.5,969.5375,7,False,10.1625,0
2024-07-30,10.1625,14.704166666666666,485.9583333333333,0.9166666666666666,25.333333333333332,91.5,3.5625,137.16666666666666,19.5,970.9125,7,False,8.091666666666667,0
2024-07-31,8.091666666666667,11.612499999999999,397.875,0.75,24.879166666666666,93.75,3.6208333333333336,148.91666666666666,36.3,972.0708333333333,7,False,6.604166666666667,0
2024-08-01,6.604166666666667,9.424999999999999,399.625,0.20833333333333334,24.541666666666668,92.5,3.470833333333333,205.875,37.8,973.2416666666667,8,False,8.304166666666667,0
2024-08-02,8.304166666666667,11.866666666666667,549.3333333333334,0.08333333333333333,24.6875,92.33333333333333,3.704166666666667,171.08333333333334,10.1,973.1666666666666,8,False,13.233333333333334,0
2024-08-03,13.233333333333334,18.895833333333332,579.75,0.4583333333333333,25.5625,89.04166666666667,4.408333333333333,144.41666666666666,18.3,973.4499999999999,8,False,15.275,0
2024-08-04,15.275,21.825,555.5833333333334,0.9166666666666666,25.84166666666667,87.95833333333333,3.9125,160.91666666666666,11.6,973.25,8,False,13.095833333333333,0
2024-08-05,13.095833333333333,18.662499999999998,485.2916666666667,0.8333333333333334,25.858333333333334,87.54166666666667,3.625,157.875,25.7,972.725,8,False,13.9625,0
2024-08-06,13.9625,19.625,516.8333333333334,0.5833333333333334,25.96666666666667,86.54166666666667,3.966666666666667,179.66666666666666,17.1,972.1916666666666,8,False,14.533333333333333,0
2024-08-07,14.533333333333333,20.254166666666666,490.8333333333333,0.20833333333333334,26.420833333333334,85.25,3.8375,193.75,17.1,972.8166666666666,8,False,19.129166666666666,0
2024-08-08,19.129166666666666,26.679166666666664,696.1666666666666,0.5,26.579166666666666,87.16666666666667,4.075,196.58333333333334,14.4,973.7083333333334,8,False,24.145833333333332,0
2024-08-09,24.145833333333332,34.449999999999996,1036.5833333333333,1.5,27.545833333333334,81.875,3.8874999999999997,163.33333333333334,1.1,972.8708333333334,8,False,17.216666666666665,0
2024-08-10,17.216666666666665,24.72083333333333,849.875,0.8333333333333334,28.083333333333332,82.25,3.1291666666666664,178.08333333333334,8.4,971.375,8,False,16.770833333333332,0
2024-08-11,16.770833333333332,24.34166666666667,883.5833333333334,1.125,27.8125,83.04166666666667,3.654166666666667,175.25,6.6,969.8625000000001,8,False,23.604166666666668,0
2024-08-12,23.604166666666668,33.63333333333333,1031.7916666666667,0.75,26.15833333333333,90.83333333333333,3.795833333333333,148.58333333333334,5.2,969.5583333333334,8,False,16.604166666666668,0
2024-08-13,16.604166666666668,23.52916666666667,651.7083333333334,0.20833333333333334,25.891666666666666,91.83333333333333,3.9416666666666664,177.75,21.2,970.6416666666668,8,False,18.029166666666665,0
2024-08-14,18.029166666666665,25.650000000000002,672.6666666666666,0.9583333333333334,26.166666666666668,88.54166666666667,4.545833333333333,205.29166666666666,30.799999999999997,971.75,8,False,13.691666666666668,0
2024-08-15,13.691666666666668,19.354166666666668,611.6666666666666,0.625,26.541666666666668,87.79166666666667,3.670833333333333,204.08333333333334,23.5,971.3375,8,False,19.358333333333334,0
2024-08-16,19.358333333333334,27.412499999999998,705.4166666666666,0.25,26.462500000000002,89.0,3.5833333333333335,154.16666666666666,20.700000000000003,971.0541666666667,8,False,14.529166666666667,0
2024-08-17,14.529166666666667,20.6125,608.0833333333334,0.0,26.474999999999998,88.08333333333333,4.404166666666667,196.58333333333334,4.8,972.4125,8,False,12.0625,0
2024-08-18,12.0625,17.224999999999998,555.4583333333334,0.0,26.7,87.875,3.7083333333333335,173.70833333333334,18.0,973.1999999999999,8,False,19.962500000000002,0
2024-08-19,19.962500000000002,28.495833333333334,736.0416666666666,0.0,26.795833333333334,86.375,3.579166666666667,210.58333333333334,16.6,972.6416666666668,8,False,21.625,0
2024-08-20,21.625,30.858333333333334,910.4166666666666,0.0,25.712500000000002,89.58333333333333,3.829166666666667,161.08333333333334,4.7,973.4958333333334,8,False,16.708333333333332,0
2024-08-21,16.708333333333332,23.849999999999998,917.0833333333334,0.0,25.46666666666667,92.5,3.2541666666666664,117.0,10.4,973.7666666666668,8,False,11.375,0
2024-08-22,11.375,16.2,676.25,0.0,25.8875,88.70833333333333,4.116666666666666,176.5,9.3,973.875,8,False,9.891666666666667,0
2024-08-23,9.891666666666667,14.0625,455.25,0.0,25.412499999999998,88.41666666666667,4.3374999999999995,192.79166666666666,33.7,975.0041666666666,8,False,14.25,0
2024-08-24,14.25,20.333333333333332,608.0416666666666,0.0,25.583333333333332,88.25,4.841666666666667,227.91666666666666,12.1,974.8958333333334,8,False,17.7625,0
2024-08-25,17.7625,25.337500000000002,689.7083333333334,0.0,26.3,85.20833333333333,3.358333333333333,176.54166666666666,14.7,973.5,8,False,16.849999999999998,0
2024-08-26,16.849999999999998,24.045833333333334,894.1666666666666,0.0,26.587500000000002,84.79166666666667,4.458333333333333,152.70833333333334,5.1,972.5500000000001,8,False,19.787499999999998,0
2024-08-27,19.787499999999998,28.083333333333332,816.7083333333334,0.0,25.420833333333334,90.875,3.3541666666666665,187.08333333333334,20.2,972.9708333333333,8,False,13.604166666666666,0
2024-08-28,13.604166666666666,19.308333333333334,558.4583333333334,0.0,25.191666666666666,90.875,3.0541666666666667,180.375,10.3,972.0833333333334,8,False,10.1625,0
2024-08-29,10.1625,14.429166666666667,455.9166666666667,0.0,25.416666666666668,88.70833333333333,4.2749999999999995,192.45833333333334,13.2,972.0041666666666,8,False,15.541666666666666,0
2024-08-30,15.541666666666666,22.208333333333332,527.625,0.0,26.304166666666664,85.625,4.616666666666666,179.95833333333334,2.5,972.4458333333333,8,False,18.920833333333334,0
2024-08-31,18.920833333333334,27.179166666666664,751.9583333333334,0.0,26.208333333333332,86.16666666666667,4.408333333333333,161.41666666666666,10.200000000000001,972.7624999999999,8,False,14.700000000000001,0
2024-09-01,14.700000000000001,21.0,609.75,0.0,26.55,84.625,3.1875,202.54166666666666,1.2,972.3125,9,False,14.683333333333332,0
2024-09-02,14.683333333333332,20.966666666666665,666.25,0.0,26.695833333333336,85.75,2.845833333333333,210.70833333333334,2.3,972.4083333333333,9,False,18.266666666666666,0
2024-09-03,18.266666666666666,26.175,692.75,0.0,26.954166666666666,83.125,4.1000000000000005,208.20833333333334,1.6,973.0958333333333,9,False,19.920833333333334,0
2024-09-04,19.920833333333334,28.5625,694.5,0.0,27.516666666666666,78.0,4.683333333333334,184.70833333333334,0.0,971.025,9,False,18.474999999999998,0
2024-09-05,18.474999999999998,26.40833333333333,732.375,0.0,27.34166666666667,82.625,3.795833333333333,179.04166666666666,3.1,969.7791666666667,9,False,16.7,0
2024-09-06,16.7,23.829166666666666,684.6666666666666,0.08333333333333333,26.883333333333336,83.95833333333333,4.441666666666666,165.625,2.3,969.9708333333333,9,False,18.0625,0
2024-09-07,18.0625,25.775000000000002,718.5833333333334,0.20833333333333334,27.516666666666666,80.20833333333333,4.795833333333333,142.20833333333334,0.2,970.2583333333333,9,False,11.1,0
2024-09-08,11.1,15.870833333333332,602.625,0.0,26.854166666666668,81.79166666666667,4.8999999999999995,152.875,3.0,970.6,9,False,12.725,0
2024-09-09,12.725,18.179166666666667,672.0833333333334,0.08333333333333333,26.383333333333336,85.625,4.0249999999999995,154.125,3.1,969.7624999999999,9,False,7.533333333333334,0
2024-09-10,7.533333333333334,10.720833333333333,470.0416666666667,0.0,24.829166666666666,94.33333333333333,5.295833333333333,148.29166666666666,24.1,969.0625,9,False,7.120833333333334,0
2024-09-11,7.120833333333334,10.133333333333333,397.0416666666667,0.0,25.099999999999998,89.83333333333333,4.170833333333333,199.95833333333334,25.5,971.9208333333332,9,False,12.049999999999999,0
2024-09-12,12.049999999999999,17.304166666666667,515.4583333333334,0.20833333333333334,25.3125,88.70833333333333,3.220833333333333,210.25,11.6,973.1916666666666,9,False,15.970833333333333,0
2024-09-13,15.970833333333333,23.2,708.8333333333334,1.0833333333333333,25.945833333333336,88.04166666666667,3.5708333333333333,227.45833333333334,10.9,971.7083333333334,9,False,19.6125,0
2024-09-14,19.6125,28.325,835.375,0.875,26.454166666666666,87.41666666666667,3.7458333333333336,191.375,3.8,970.2208333333333,9,False,26.183333333333334,0
2024-09-15,26.183333333333334,38.07083333333333,866.8333333333334,1.4583333333333333,26.716666666666665,84.25,3.3666666666666667,168.33333333333334,11.5,969.8458333333333,9,False,24.4375,0
2024-09-16,24.4375,35.4625,896.0833333333334,2.0416666666666665,26.7625,84.875,3.6958333333333333,171.25,3.4,970.3458333333333,9,False,19.266666666666666,0
2024-09-17,19.266666666666666,27.416666666666668,768.375,0.125,26.6875,86.91666666666667,4.441666666666666,188.25,28.5,970.2708333333334,9,False,18.341666666666665,0
2024-09-18,18.341666666666665,26.354166666666668,814.75,0.0,26.5,87.29166666666667,3.7458333333333336,166.58333333333334,3.4,969.8416666666667,9,False,21.162499999999998,0
2024-09-19,21.162499999999998,30.5125,891.25,0.0,27.420833333333334,83.125,3.7624999999999997,169.16666666666666,4.7,969.0458333333332,9,False,24.683333333333334,0
2024-09-20,24.683333333333334,35.44583333333333,1003.6666666666666,0.0,26.09583333333333,89.75,3.4875000000000003,192.04166666666666,11.5,969.1208333333334,9,False,20.533333333333335,0
2024-09-21,20.533333333333335,29.462500000000002,746.4166666666666,0.0,25.6875,92.16666666666667,3.5625,127.75,18.0,969.5,9,False,13.645833333333334,0
2024-09-22,13.645833333333334,19.504166666666666,505.0,0.0,25.8,88.625,4.375,227.83333333333334,20.6,970.4541666666668,9,False,12.191666666666668,0
2024-09-23,12.191666666666668,17.395833333333332,656.7916666666666,0.0,24.429166666666664,92.5,2.0541666666666667,200.25,61.6,973.3083333333334,9,False,15.1625,0
2024-09-24,15.1625,21.675,621.2916666666666,0.0,24.8125,90.33333333333333,3.3625000000000003,148.41666666666666,57.9,974.9291666666667,9,False,11.616666666666667,0
2024-09-25,11.616666666666667,16.591666666666665,563.8333333333334,0.0,24.400000000000002,91.45833333333333,3.5208333333333335,173.83333333333334,38.8,975.9250000000001,9,False,11.570833333333333,0
2024-09-26,11.570833333333333,16.529166666666665,410.4583333333333,0.25,25.145833333333332,88.25,3.4875000000000003,143.20833333333334,15.100000000000001,976.2041666666668,9,False,21.962500000000002,0
2024-09-27,21.962500000000002,31.433333333333334,754.0833333333334,0.375,25.775000000000002,88.16666666666667,2.7708333333333335,194.41666666666666,4.2,976.0291666666667,9,False,33.99166666666667,0
2024-09-28,33.99166666666667,48.5875,1191.9583333333333,0.0,26.90416666666667,86.04166666666667,3.35,232.66666666666666,0.0,974.6166666666667,9,False,32.28333333333334,0
2024-09-29,32.28333333333334,46.050000000000004,1027.5833333333333,0.0,27.34583333333333,86.83333333333333,2.5875,202.75,3.2,973.5208333333334,9,False,26.204166666666666,0
2024-09-30,26.204166666666666,37.362500000000004,937.5416666666666,0.0,27.28333333333333,87.375,3.65,170.66666666666666,5.2,971.9041666666667,9,False,15.933333333333332,0
2024-10-01,15.933333333333332,22.620833333333334,752.3333333333334,0.0,25.90416666666667,89.625,4.3374999999999995,166.41666666666666,31.9,971.6416666666668,10,False,10.608333333333333,0
2024-10-02,10.608333333333333,15.120833333333332,443.2916666666667,0.0,23.566666666666666,93.45833333333333,5.5375000000000005,245.75,49.9,974.6291666666666,10,False,10.004166666666666,0
2024-10-03,10.004166666666666,14.258333333333333,445.3333333333333,0.0,23.920833333333334,91.58333333333333,4.879166666666667,224.58333333333334,64.8,975.8958333333334,10,False,11.887500000000001,0
2024-10-04,11.887500000000001,16.995833333333334,575.4583333333334,0.0,24.854166666666668,87.125,3.795833333333333,226.75,43.9,977.0833333333334,10,False,16.1125,0
2024-10-05,16.1125,23.120833333333334,700.0833333333334,0.0,25.570833333333336,83.66666666666667,3.3249999999999997,209.54166666666666,1.6,976.8416666666667,10,False,24.425,0
2024-10-06,24.425,35.012499999999996,821.875,0.0,26.27916666666667,80.58333333333333,3.85,244.625,4.1,977.4166666666666,10,False,21.933333333333334,0
2024-10-07,21.933333333333334,31.541666666666668,640.2916666666666,0.0,26.3125,83.70833333333333,3.5875,235.66666666666666,0.30000000000000004,978.2125,10,False,23.34583333333333,0
2024-10-08,23.34583333333333,33.475,814.625,0.0,26.429166666666664,80.45833333333333,2.5416666666666665,230.66666666666666,0.0,977.9708333333333,10,False,28.8,0
2024-10-09,28.8,41.37916666666667,1004.125,0.0,26.15833333333333,82.375,3.641666666666667,248.875,0.7999999999999999,976.5416666666666,10,False,20.716666666666665,0
2024-10-10,20.716666666666665,29.829166666666666,689.4583333333334,0.0,25.45,86.0,4.3625,213.75,8.7,976.225,10,False,20.51666666666667,0
2024-10-11,20.51666666666667,29.633333333333336,666.7083333333334,0.0,25.366666666666664,86.375,3.5041666666666664,220.08333333333334,5.1000000000000005,976.0291666666667,10,False,28.125,0
2024-10-12,28.125,40.574999999999996,824.2916666666666,0.0,26.287499999999998,79.45833333333333,3.4250000000000003,228.20833333333334,0.0,976.6916666666666,10,False,31.383333333333336,0
2024-10-13,31.383333333333336,45.4,991.0833333333334,0.0,26.45,81.0,3.7624999999999997,236.66666666666666,0.39999999999999997,976.7333333333332,10,False,16.916666666666668,0
2024-10-14,16.916666666666668,24.337500000000002,707.2083333333334,0.0,26.258333333333336,84.58333333333333,3.7083333333333335,211.91666666666666,1.2,976.0875,10,False,22.266666666666666,0
2024-10-15,22.266666666666666,32.05833333333333,804.4583333333334,0.0,26.070833333333336,86.45833333333333,3.6333333333333333,249.91666666666666,4.2,975.9708333333333,10,False,25.90416666666667,0
2024-10-16,25.90416666666667,37.333333333333336,699.5833333333334,0.0,26.45,82.95833333333333,3.75,225.08333333333334,0.2,976.2583333333333,10,False,19.066666666666666,0
2024-10-17,19.066666666666666,27.295833333333334,692.5,0.0,26.099999999999998,84.70833333333333,2.954166666666667,253.45833333333334,9.8,976.1833333333334,10,False,26.833333333333332,0
2024-10-18,26.833333333333332,38.354166666666664,1116.2916666666667,0.0,26.349999999999998,83.45833333333333,4.233333333333333,225.45833333333334,12.3,975.6374999999999,10,False,17.95,0
2024-10-19,17.95,25.704166666666666,767.6666666666666,0.0,26.075,85.5,4.383333333333334,183.54166666666666,2.5999999999999996,976.4916666666667,10,False,12.35,0
2024-10-20,12.35,17.720833333333335,599.7916666666666,0.0,25.25,88.875,4.204166666666667,220.66666666666666,23.3,977.8000000000001,10,False,11.633333333333333,0
2024-10-21,11.633333333333333,16.895833333333332,483.0416666666667,0.0,25.204166666666666,86.125,3.1,229.75,9.5,977.6999999999999,10,False,12.833333333333334,0
2024-10-22,12.833333333333334,18.4375,542.7916666666666,0.0,25.395833333333332,86.875,3.220833333333333,214.66666666666666,6.0,977.225,10,False,12.820833333333333,0
2024-10-23,12.820833333333333,18.591666666666665,629.75,0.0,24.920833333333334,86.125,2.966666666666667,247.54166666666666,2.5,977.8375,10,False,21.8,0
2024-10-24,21.8,31.55,978.6666666666666,0.0,25.516666666666666,82.08333333333333,3.3000000000000003,211.75,0.0,976.6833333333334,10,False,24.741666666666664,0
2024-10-25,24.741666666666664,35.50416666666667,1136.4166666666667,0.0,26.070833333333336,83.75,2.7624999999999997,211.08333333333334,0.1,974.9791666666666,10,False,19.254166666666666,0
2024-10-26,19.254166666666666,27.875,1764.7916666666667,0.0,26.991666666666664,82.375,2.8958333333333335,221.91666666666666,0.0,972.875,10,False,15.658333333333333,0
2024-10-27,15.658333333333333,22.508333333333336,1794.1666666666667,0.0,27.0,83.70833333333333,3.158333333333333,228.45833333333334,0.6,971.4958333333334,10,False,13.454166666666666,0
2024-10-28,13.454166666666666,19.358333333333334,1155.8333333333333,0.0,26.604166666666668,74.75,5.470833333333334,318.625,0.0,972.0541666666667,10,False,16.154166666666665,0
2024-10-29,16.154166666666665,23.266666666666666,1780.6666666666667,0.0,25.929166666666664,73.83333333333333,3.391666666666667,251.75,0.0,973.7083333333334,10,False,20.5125,0
2024-10-30,20.5125,29.3625,2038.4583333333333,0.0,26.09166666666667,76.125,3.35,236.625,0.0,975.3708333333334,10,False,28.820833333333336,0
2024-10-31,28.820833333333336,41.3625,2393.4583333333335,0.25,26.054166666666664,80.20833333333333,3.1208333333333336,227.25,0.0,975.2333333333332,10,False,27.900000000000002,0
2024-11-01,27.900000000000002,40.12916666666667,2132.0416666666665,0.375,26.47083333333333,80.20833333333333,3.2458333333333336,221.66666666666666,0.30000000000000004,975.7791666666667,11,False,17.150000000000002,0
2024-11-02,17.150000000000002,24.645833333333332,1662.125,0.0,25.254166666666666,82.16666666666667,4.2749999999999995,270.375,4.3,977.7166666666667,11,False,19.875,0
2024-11-03,19.875,28.525000000000002,1598.25,0.0,24.708333333333332,79.83333333333333,4.141666666666667,186.375,0.7,978.4666666666667,11,False,15.862499999999999,0
2024-11-04,15.862499999999999,22.8875,1488.75,0.0,24.166666666666668,70.58333333333333,4.2625,245.375,0.0,978.2666666666668,11,False,15.433333333333332,0
2024-11-05,15.433333333333332,22.316666666666666,949.2083333333334,0.0,24.0625,79.29166666666667,5.304166666666666,255.29166666666666,1.3,979.3874999999999,11,False,9.120833333333334,0
2024-11-06,9.120833333333334,13.104166666666666,1038.2916666666667,0.0,23.254166666666666,86.20833333333333,4.333333333333333,245.33333333333334,8.5,980.0583333333334,11,False,14.533333333333333,0
2024-11-07,14.533333333333333,21.241666666666667,973.7083333333334,0.0,22.241666666666664,89.75,3.9416666666666664,274.6666666666667,12.4,979.8916666666668,11,False,17.400000000000002,0
2024-11-08,17.400000000000002,25.204166666666666,879.5416666666666,0.0,22.316666666666666,84.5,6.366666666666667,308.2083333333333,4.6,979.8375,11,False,23.866666666666664,0
2024-11-09,23.866666666666664,34.75416666666667,1623.5833333333333,0.0,22.6875,82.25,3.7541666666666664,270.6666666666667,0.6000000000000001,979.1208333333334,11,False,23.441666666666666,0
2024-11-10,23.441666666666666,34.041666666666664,1846.2083333333333,0.0,23.8125,82.54166666666667,3.1791666666666667,242.83333333333334,0.2,978.5083333333333,11,False,21.099999999999998,0
2024-11-11,21.099999999999998,30.4375,1845.9583333333333,0.0,23.820833333333336,80.25,3.65,251.79166666666666,0.0,977.6416666666668,11,False,27.358333333333334,0
2024-11-12,27.358333333333334,35.625,1915.4166666666667,0.0,24.28333333333333,78.16666666666667,2.7458333333333336,236.125,0.0,976.7041666666668,11,False,34.791666666666664,0
2024-11-13,34.791666666666664,34.862500000000004,1837.375,0.0,25.254166666666666,74.375,2.8833333333333333,252.0,0.0,975.5791666666668,11,False,24.8875,0
2024-11-14,24.8875,24.945833333333336,1659.25,0.0,25.8625,78.33333333333333,2.2041666666666666,247.25,0.0,975.7208333333333,11,False,20.541666666666668,0
2024-11-15,20.541666666666668,20.708333333333332,1454.9583333333333,0.0,26.1375,71.91666666666667,2.9458333333333333,308.7916666666667,0.0,975.275,11,False,19.604166666666668,0
2024-11-16,19.604166666666668,19.912499999999998,1347.25,0.0,25.395833333333332,71.79166666666667,3.9333333333333336,309.6666666666667,0.0,975.2541666666666,11,False,16.416666666666668,0
2024-11-17,16.416666666666668,16.616666666666667,1341.9166666666667,0.0,25.55,71.45833333333333,4.295833333333333,264.1666666666667,0.0,975.9499999999999,11,False,20.091666666666665,0
2024-11-18,20.091666666666665,20.224999999999998,1346.5,0.0,24.579166666666666,80.33333333333333,4.216666666666667,268.5833333333333,0.39999999999999997,977.9083333333333,11,False,21.8125,0
2024-11-19,21.8125,21.958333333333332,1235.125,0.0,24.166666666666668,77.5,3.6041666666666665,249.75,0.2,978.9333333333334,11,False,24.491666666666664,0
2024-11-20,24.491666666666664,24.6375,1497.875,0.0,24.150000000000002,77.16666666666667,3.3333333333333335,277.5416666666667,0.1,978.3916666666668,11,False,24.0,0
2024-11-21,24.0,24.09166666666667,1497.5416666666667,0.0,24.079166666666666,77.375,3.0124999999999997,243.0,0.0,977.9416666666666,11,False,24.21666666666667,0
2024-11-22,24.21666666666667,24.266666666666666,1368.5416666666667,0.0,23.804166666666664,77.125,3.654166666666667,256.875,0.0,978.025,11,False,19.870833333333334,0
2024-11-23,19.870833333333334,19.945833333333333,1389.25,0.0,24.2625,73.75,3.4458333333333333,249.125,0.0,978.6166666666667,11,False,28.229166666666668,0
2024-11-24,28.229166666666668,28.40833333333333,1416.2916666666667,0.0,24.116666666666664,79.66666666666667,3.3000000000000003,285.6666666666667,0.0,978.4125,11,False,29.78333333333333,0
2024-11-25,29.78333333333333,30.004166666666666,1412.125,0.0,24.629166666666666,78.33333333333333,2.8083333333333336,247.91666666666666,0.0,977.9833333333332,11,False,27.099999999999998,0
2024-11-26,27.099999999999998,27.445833333333336,1318.875,0.0,24.641666666666666,80.75,3.5500000000000003,253.33333333333334,0.0,977.9541666666668,11,False,23.770833333333332,0
2024-11-27,23.770833333333332,24.125,1250.875,0.0,23.829166666666666,84.04166666666667,3.766666666666667,255.58333333333334,0.9,978.375,11,False,15.9125,0
2024-11-28,15.9125,16.0,1156.5833333333333,0.0,23.945833333333336,80.375,4.570833333333334,231.54166666666666,6.3,979.85,11,False,25.141666666666666,0
2024-11-29,25.141666666666666,25.241666666666664,1079.5833333333333,0.0,23.2,78.125,3.641666666666667,228.625,0.0,980.2041666666668,11,False,23.066666666666666,0
2024-11-30,23.066666666666666,23.1375,1341.9166666666667,0.0,22.945833333333336,76.33333333333333,3.0416666666666665,222.16666666666666,0.0,978.2333333333332,11,False,25.983333333333334,0
2024-12-01,25.983333333333334,26.329166666666666,1569.0416666666667,0.5,23.2375,76.58333333333333,3.0583333333333336,243.70833333333334,0.0,976.0083333333333,12,False,31.316666666666666,0
2024-12-02,31.316666666666666,31.733333333333334,1682.4583333333333,0.7916666666666666,24.15833333333333,74.45833333333333,2.8000000000000003,249.875,0.0,975.725,12,False,29.879166666666666,0
2024-12-03,29.879166666666666,30.025000000000002,1583.4583333333333,0.0,25.037499999999998,75.25,2.5749999999999997,238.58333333333334,0.0,976.025,12,False,33.333333333333336,0
2024-12-04,33.333333333333336,33.5,1588.0,0.0,25.5125,76.66666666666667,2.8625000000000003,259.875,0.5,975.7166666666667,12,False,36.63333333333333,0
2024-12-05,36.63333333333333,36.766666666666666,1204.7916666666667,0.0,25.1125,80.91666666666667,3.233333333333334,230.33333333333334,13.7,975.6083333333332,12,False,24.433333333333334,0
2024-12-06,24.433333333333334,24.599999999999998,929.0,0.0,24.837500000000002,78.875,4.120833333333334,243.5,0.4,975.1291666666666,12,False,24.77916666666667,0
2024-12-07,24.77916666666667,25.0125,1248.9166666666667,0.0,24.8625,77.83333333333333,3.0083333333333333,239.04166666666666,0.4,976.6083333333332,12,False,27.900000000000002,0
2024-12-08,27.900000000000002,28.241666666666664,1338.75,0.0,24.858333333333334,78.5,3.5666666666666664,270.8333333333333,0.2,977.7583333333333,12,False,34.487500000000004,0
2024-12-09,34.487500000000004,34.72083333333333,1560.25,0.0,24.633333333333336,79.91666666666667,3.375,262.3333333333333,0.4,977.1583333333333,12,False,35.954166666666666,0
2024-12-10,35.954166666666666,36.045833333333334,1520.9166666666667,0.0,24.566666666666666,79.08333333333333,2.6083333333333334,241.75,0.2,975.9833333333332,12,False,30.358333333333334,0
2024-12-11,30.358333333333334,30.47083333333333,1335.0,0.0,24.416666666666668,76.79166666666667,3.2083333333333335,235.66666666666666,0.0,976.0,12,False,24.541666666666668,0
2024-12-12,24.541666666666668,24.754166666666666,1259.7083333333333,0.0,23.587500000000002,72.25,3.7083333333333335,238.33333333333334,0.0,976.0583333333334,12,False,18.974999999999998,0
2024-12-13,18.974999999999998,19.025000000000002,1118.875,0.0,24.254166666666666,73.16666666666667,4.504166666666667,244.91666666666666,0.5,977.15,12,False,24.058333333333334,0
2024-12-14,24.058333333333334,24.125,1427.2083333333333,0.0,23.52916666666667,85.04166666666667,2.6416666666666666,197.20833333333334,1.4,979.4250000000001,12,False,13.674999999999999,0
2024-12-15,13.674999999999999,13.716666666666667,987.375,0.0,23.104166666666668,81.54166666666667,3.920833333333333,221.04166666666666,0.7000000000000001,981.2708333333334,12,False,17.345833333333335,0
2024-12-16,17.345833333333335,17.383333333333333,984.2916666666666,0.0,22.066666666666666,78.95833333333333,5.341666666666666,218.54166666666666,1.6,981.6583333333333,12,False,20.6125,0
2024-12-17,20.6125,20.641666666666666,1004.875,0.0,22.108333333333334,78.25,4.325,216.25,0.0,979.875,12,False,22.3125,0
2024-12-18,22.3125,22.320833333333336,1326.75,0.0,22.5,78.25,3.1333333333333333,245.125,0.0,978.9875000000001,12,False,29.212500000000002,0
2024-12-19,29.212500000000002,29.25,1479.6666666666667,0.0,22.34583333333333,76.16666666666667,2.45,217.91666666666666,0.2,979.4708333333333,12,False,31.5,0
2024-12-20,31.5,31.541666666666668,1320.9583333333333,0.0,21.608333333333334,74.45833333333333,2.625,214.04166666666666,0.0,978.5166666666668,12,False,32.30416666666667,0
2024-12-21,32.30416666666667,32.37916666666667,1548.2083333333333,0.0,21.4875,71.45833333333333,2.2375000000000003,214.875,0.0,978.5833333333334,12,False,33.6,0
2024-12-22,33.6,33.71666666666667,1585.7916666666667,0.0,20.945833333333333,72.70833333333333,2.3041666666666667,215.75,0.0,978.8791666666666,12,False,37.829166666666666,1
2024-12-23,37.829166666666666,37.987500000000004,1573.125,0.0,20.966666666666665,74.875,3.029166666666667,248.5,0.0,978.6666666666666,12,True,34.0,0
2024-12-24,34.0,34.233333333333334,1390.8333333333333,0.16666666666666666,21.158333333333335,74.5,2.9625,218.45833333333334,0.0,979.5333333333333,12,False,26.4375,0
2024-12-25,26.4375,26.791666666666668,1526.4166666666667,1.0,20.779166666666665,73.58333333333333,2.7291666666666665,251.91666666666666,0.0,980.5749999999999,12,False,29.474999999999998,0
2024-12-26,29.474999999999998,29.991666666666664,1447.0416666666667,1.0,21.212500000000002,73.04166666666667,2.2333333333333334,225.08333333333334,0.0,981.5416666666666,12,False,22.47083333333333,0
2024-12-27,22.47083333333333,22.633333333333336,1540.625,0.25,21.729166666666668,76.20833333333333,3.0583333333333336,229.0,0.0,981.6625,12,False,17.416666666666668,0
2024-12-28,17.416666666666668,17.433333333333334,1234.5416666666667,0.0,22.745833333333334,72.125,3.375,263.3333333333333,0.0,981.8791666666666,12,False,21.854166666666668,0
2024-12-29,21.854166666666668,21.883333333333336,1219.8333333333333,0.0,22.349999999999998,71.875,3.1208333333333336,234.45833333333334,0.0,980.5166666666668,12,False,28.370833333333334,0
2024-12-30,28.370833333333334,28.370833333333334,1333.875,0.0,22.308333333333334,75.58333333333333,2.9291666666666667,227.625,0.0,979.6458333333334,12,False,29.041666666666668,0
2024-12-31,29.041666666666668,29.054166666666664,1234.125,0.0,22.233333333333334,78.20833333333333,3.8958333333333335,273.125,0.0,979.1958333333333,12,False,26.275000000000002,0
2025-01-01,26.275000000000002,26.770833333333332,1597.5,0.9583333333333334,22.166666666666668,74.875,2.5208333333333335,233.33333333333334,0.0,977.975,1,False,32.92916666666667,0
2025-01-02,32.92916666666667,34.4125,1429.0416666666667,2.75,21.65833333333333,73.125,3.225,245.0,0.0,978.0749999999999,1,False,29.079166666666666,0
2025-01-03,29.079166666666666,30.545833333333334,1438.5833333333333,2.9583333333333335,21.820833333333336,71.33333333333333,2.7708333333333335,288.2916666666667,0.0,979.4083333333333,1,False,22.870833333333334,0
2025-01-04,22.870833333333334,23.27916666666667,1267.5,0.9166666666666666,21.295833333333334,70.33333333333333,3.170833333333333,233.95833333333334,0.0,978.65,1,False,34.72083333333333,0
2025-01-05,34.72083333333333,35.2125,1431.2916666666667,1.0,20.55,68.66666666666667,3.3375,273.2083333333333,0.0,980.35,1,False,31.90833333333333,0
2025-01-06,31.90833333333333,32.25833333333333,1456.75,1.0,19.983333333333334,69.66666666666667,3.3249999999999997,237.83333333333334,0.0,978.9958333333333,1,False,35.99583333333333,0
2025-01-07,35.99583333333333,36.3125,1448.5,0.7916666666666666,19.849999999999998,67.0,2.591666666666667,242.125,0.0,978.0375,1,False,39.108333333333334,1
2025-01-08,39.108333333333334,39.3375,1605.5416666666667,0.0,20.275000000000002,72.16666666666667,3.1166666666666667,272.6666666666667,0.0,977.7708333333334,1,True,36.675000000000004,0
2025-01-09,36.675000000000004,37.09166666666667,1377.9583333333333,0.4583333333333333,21.53333333333333,72.20833333333333,2.9791666666666665,276.9583333333333,0.0,979.5,1,False,33.92916666666667,0
2025-01-10,33.92916666666667,35.208333333333336,1120.2083333333333,2.5833333333333335,22.275000000000002,69.375,4.145833333333333,215.45833333333334,0.0,982.0416666666666,1,False,21.0625,0
2025-01-11,21.0625,21.633333333333336,1160.875,1.0,21.2375,64.41666666666667,4.745833333333333,219.33333333333334,0.0,983.6291666666666,1,False,21.929166666666664,0
2025-01-12,21.929166666666664,22.129166666666666,1071.5416666666667,0.16666666666666666,18.795833333333334,69.79166666666667,4.970833333333333,307.2083333333333,0.30000000000000004,984.2583333333333,1,False,23.2,0
2025-01-13,23.2,23.391666666666666,1231.8333333333333,0.0,17.404166666666665,67.08333333333333,3.404166666666667,238.04166666666666,0.0,981.0958333333333,1,False,25.125,0
2025-01-14,25.125,25.2375,1454.6666666666667,0.0,18.537499999999998,68.70833333333333,2.6458333333333335,237.70833333333334,0.0,980.9916666666667,1,False,24.116666666666664,0
2025-01-15,24.116666666666664,24.183333333333334,1252.4166666666667,0.0,19.175,71.125,4.325,226.20833333333334,0.0,981.9,1,False,15.674999999999999,0
2025-01-16,15.674999999999999,15.725,1092.1666666666667,0.0,20.208333333333332,65.75,5.120833333333334,260.5416666666667,0.0,982.1958333333333,1,False,27.054166666666664,0
2025-01-17,27.054166666666664,27.066666666666666,1355.0416666666667,0.0,20.283333333333335,68.875,4.291666666666667,243.04166666666666,0.0,980.2833333333333,1,False,31.72083333333333,0
2025-01-18,31.72083333333333,31.754166666666666,1476.875,0.0,20.641666666666666,68.58333333333333,2.891666666666667,259.375,0.0,978.4666666666667,1,False,28.745833333333334,0
2025-01-19,28.745833333333334,28.7625,1436.0833333333333,0.0,20.879166666666666,66.20833333333333,2.9791666666666665,246.75,0.0,977.0500000000001,1,False,33.045833333333334,0
2025-01-20,33.045833333333334,33.0625,1543.625,0.0,21.170833333333334,64.45833333333333,2.245833333333333,252.41666666666666,0.0,975.8083333333334,1,False,33.24166666666667,0
2025-01-21,33.24166666666667,33.28333333333333,1730.4583333333333,0.0,21.433333333333334,69.04166666666667,2.308333333333333,250.0,0.0,975.7083333333334,1,False,37.324999999999996,0
2025-01-22,37.324999999999996,37.479166666666664,1812.75,0.0,21.375,68.45833333333333,1.8583333333333334,245.95833333333334,0.0,976.1750000000001,1,False,47.81666666666666,1
2025-01-23,47.81666666666666,47.97083333333333,1638.5833333333333,0.0,21.633333333333336,68.125,2.3541666666666665,245.04166666666666,0.0,976.5625,1,True,38.333333333333336,1
2025-01-24,38.333333333333336,38.416666666666664,1553.0833333333333,0.0,21.645833333333332,69.0,2.404166666666667,233.95833333333334,0.0,975.0958333333333,1,True,33.975,0
2025-01-25,33.975,34.13333333333333,1654.1666666666667,0.0,21.7,69.79166666666667,2.6541666666666663,224.04166666666666,0.0,974.9708333333333,1,False,30.354166666666668,0
2025-01-26,30.354166666666668,30.71666666666667,1642.2916666666667,0.0,22.391666666666666,67.625,2.6416666666666666,266.1666666666667,0.0,975.6708333333332,1,False,29.304166666666664,0
2025-01-27,29.304166666666664,29.46666666666667,1079.0833333333333,0.125,19.858333333333334,79.20833333333333,6.2625,311.2916666666667,1.4000000000000001,977.4208333333332,1,False,33.541666666666664,0
2025-01-28,33.541666666666664,34.012499999999996,1287.125,0.875,19.983333333333334,70.5,4.929166666666666,263.625,0.0,979.9333333333334,1,False,30.75,0
2025-01-29,30.75,31.166666666666668,1757.625,0.625,20.537499999999998,70.25,3.8041666666666667,251.70833333333334,0.0,980.5541666666667,1,False,31.058333333333334,0
2025-01-30,31.058333333333334,31.587500000000002,1728.25,0.6666666666666666,21.395833333333332,68.66666666666667,2.845833333333333,244.79166666666666,0.0,977.225,1,False,25.316666666666666,0
2025-01-31,25.316666666666666,25.833333333333332,1589.2916666666667,0.6666666666666666,22.349999999999998,70.95833333333333,3.158333333333333,209.83333333333334,0.0,975.7333333333332,1,False,25.875,0
2025-02-01,25.875,26.466666666666665,1293.9166666666667,0.375,22.704166666666666,66.79166666666667,2.8874999999999997,229.08333333333334,0.0,975.0625,2,False,28.208333333333332,0
2025-02-02,28.208333333333332,28.741666666666664,1429.75,0.0,22.245833333333334,66.04166666666667,2.3874999999999997,237.79166666666666,0.0,974.7291666666666,2,False,29.72083333333333,0
2025-02-03,29.72083333333333,29.933333333333334,1514.6666666666667,0.0,23.099999999999998,61.083333333333336,2.6458333333333335,240.45833333333334,0.0,975.5,2,False,29.558333333333334,0
2025-02-04,29.558333333333334,29.691666666666666,1008.75,0.0,23.708333333333332,57.916666666666664,5.079166666666667,250.375,0.0,976.5583333333334,2,False,35.53333333333333,0
2025-02-05,35.53333333333333,35.90416666666667,1406.5833333333333,0.0,23.929166666666664,66.54166666666667,3.9791666666666665,218.41666666666666,0.0,975.3625000000001,2,False,36.983333333333334,0
2025-02-06,36.983333333333334,37.525,1557.25,0.625,23.379166666666666,64.45833333333333,3.0749999999999997,221.0,0.0,975.2916666666666,2,False,36.699999999999996,0
2025-02-07,36.699999999999996,37.07083333333333,1453.5,0.0,23.925,59.625,2.7458333333333336,252.33333333333334,0.0,976.475,2,False,39.762499999999996,1
2025-02-08,39.762499999999996,40.02916666666666,1394.1666666666667,0.0,24.566666666666666,65.04166666666667,4.804166666666666,241.45833333333334,0.9,977.0916666666667,2,True,28.858333333333334,0
2025-02-09,28.858333333333334,29.0125,1239.9583333333333,0.0,24.46666666666667,62.416666666666664,5.854166666666667,201.5,0.0,977.9458333333333,2,False,22.366666666666664,0
2025-02-10,22.366666666666664,22.47083333333333,1417.625,0.0,23.45,62.875,3.204166666666667,222.20833333333334,0.0,978.0333333333333,2,False,25.724999999999998,0
2025-02-11,25.724999999999998,25.833333333333332,1776.0833333333333,0.0,23.895833333333332,64.875,3.0666666666666664,226.91666666666666,0.0,977.2958333333332,2,False,28.604166666666668,0
2025-02-12,28.604166666666668,28.724999999999998,1604.2916666666667,0.0,23.9875,62.333333333333336,3.141666666666666,220.91666666666666,0.0,976.9166666666666,2,False,33.512499999999996,0
2025-02-13,33.512499999999996,33.800000000000004,1462.2083333333333,0.0,24.1375,57.708333333333336,2.795833333333333,222.58333333333334,0.0,976.6291666666666,2,False,31.358333333333334,0
2025-02-14,31.358333333333334,32.34166666666667,1390.1666666666667,1.1666666666666667,23.3625,51.458333333333336,2.6958333333333333,236.625,0.0,976.0666666666666,2,False,39.387499999999996,1
2025-02-15,39.387499999999996,41.141666666666666,1253.1666666666667,3.375,22.866666666666664,50.833333333333336,4.004166666666666,238.04166666666666,0.0,975.1958333333333,2,True,37.574999999999996,1
2025-02-16,37.574999999999996,38.62916666666667,1365.8333333333333,2.0,23.45,56.708333333333336,3.375,245.5,0.0,975.7083333333334,2,True,39.30416666666667,1
2025-02-17,39.30416666666667,40.94583333333333,1291.5,3.0833333333333335,24.183333333333334,50.083333333333336,2.9333333333333336,257.0833333333333,0.0,977.4,2,True,51.637499999999996,1
2025-02-18,51.637499999999996,53.025,1589.0833333333333,2.3333333333333335,24.849999999999998,50.958333333333336,2.8083333333333336,241.625,0.0,977.4458333333333,2,True,49.51666666666667,1
2025-02-19,49.51666666666667,50.42083333333333,1379.25,1.375,25.245833333333334,56.25,3.254166666666667,207.875,0.0,977.3833333333333,2,True,42.98333333333333,1
2025-02-20,42.98333333333333,44.17916666666667,1251.0833333333333,1.9166666666666667,25.245833333333334,63.916666666666664,4.133333333333334,219.33333333333334,0.0,978.1291666666666,2,True,39.375,1
2025-02-21,39.375,41.28333333333333,1165.7083333333333,3.2083333333333335,25.3625,64.08333333333333,4.470833333333333,217.25,0.0,978.1583333333333,2,True,33.574999999999996,0
2025-02-22,33.574999999999996,35.045833333333334,1436.1666666666667,2.4166666666666665,25.191666666666666,63.416666666666664,3.4,212.83333333333334,0.0,978.8000000000001,2,False,34.42916666666667,0
2025-02-23,34.42916666666667,35.987500000000004,1470.4583333333333,2.0833333333333335,24.704166666666666,66.04166666666667,3.6166666666666667,221.45833333333334,0.3,980.2458333333334,2,False,26.041666666666668,0
2025-02-24,26.041666666666668,26.479166666666668,822.375,0.4583333333333333,22.78333333333333,82.83333333333333,4.9625,187.41666666666666,44.1,982.2375000000001,2,False,21.275000000000002,0
2025-02-25,21.275000000000002,21.483333333333334,1347.125,0.0,22.53333333333333,84.5,4.483333333333333,180.66666666666666,6.9,983.2375000000001,2,False,24.21666666666667,0
2025-02-26,24.21666666666667,24.379166666666666,1502.7916666666667,0.16666666666666666,23.45,75.91666666666667,3.0583333333333336,181.91666666666666,0.0,981.9916666666667,2,False,28.241666666666664,0
2025-02-27,28.241666666666664,28.78333333333333,1571.5,0.8333333333333334,24.65416666666667,74.29166666666667,3.579166666666667,215.875,0.0,978.8583333333332,2,False,29.2,0
2025-02-28,29.2,30.34583333333333,1584.4583333333333,1.9166666666666667,25.558333333333334,69.625,3.5,219.45833333333334,0.0,977.0041666666666,2,False,30.379166666666666,0
2025-03-01,30.379166666666666,31.175,1452.5,0.9166666666666666,25.90416666666667,61.458333333333336,3.5666666666666664,232.5,0.0,975.0916666666667,3,False,27.2,0
2025-03-02,27.2,29.241666666666664,1419.625,3.125,25.3,54.5,2.9125,254.04166666666666,0.0,973.5625,3,False,32.949999999999996,0
2025-03-03,32.949999999999996,35.15833333333333,1371.5416666666667,3.75,24.870833333333334,56.666666666666664,3.3000000000000003,252.625,0.0,973.3333333333334,3,False,38.03333333333333,1
2025-03-04,38.03333333333333,41.19583333333333,1460.2083333333333,6.125,24.229166666666668,54.125,3.375,252.0,0.0,972.7166666666667,3,True,45.80416666666667,1
2025-03-05,45.80416666666667,49.17083333333333,1453.3333333333333,6.666666666666667,24.583333333333332,58.083333333333336,3.5625,236.5,0.0,972.4916666666667,3,True,39.44166666666667,1
2025-03-06,39.44166666666667,41.541666666666664,1481.5,4.041666666666667,24.433333333333334,60.166666666666664,3.85,234.04166666666666,0.0,974.125,3,True,47.137499999999996,1
2025-03-07,47.137499999999996,49.625,1171.4583333333333,4.541666666666667,25.583333333333332,57.833333333333336,4.179166666666666,224.20833333333334,0.2,974.2833333333333,3,True,39.75416666666667,1
2025-03-08,39.75416666666667,41.22083333333333,841.25,2.5,25.191666666666666,74.33333333333333,7.8500000000000005,193.625,3.3000000000000003,976.525,3,True,34.12916666666667,0
2025-03-09,34.12916666666667,34.88333333333333,1216.0416666666667,1.0833333333333333,25.016666666666666,72.33333333333333,4.608333333333333,227.20833333333334,0.1,978.5916666666667,3,False,41.9,1
2025-03-10,41.9,43.145833333333336,1558.875,2.1666666666666665,26.28333333333333,68.75,3.4791666666666665,240.04166666666666,0.0,978.7916666666666,3,True,35.06666666666667,0
2025-03-11,35.06666666666667,38.145833333333336,1560.5833333333333,6.041666666666667,27.55,64.75,4.245833333333334,186.33333333333334,1.5,976.5333333333333,3,False,46.62083333333334,1
2025-03-12,46.62083333333334,50.949999999999996,1524.625,8.25,26.96666666666667,63.625,4.2124999999999995,221.95833333333334,0.0,973.7958333333332,3,True,36.5625,0
2025-03-13,36.5625,38.99166666666667,1266.4166666666667,4.291666666666667,26.95,58.791666666666664,4.941666666666666,234.75,0.0,973.4416666666666,3,False,34.65,0
2025-03-14,34.65,39.69166666666667,1270.0,10.083333333333334,28.02916666666667,48.458333333333336,2.7708333333333335,190.375,0.0,975.1291666666666,3,False,40.916666666666664,1
2025-03-15,40.916666666666664,45.65833333333333,1316.3333333333333,9.416666666666666,27.34166666666667,49.25,3.766666666666667,228.95833333333334,0.0,975.4041666666667,3,True,49.95416666666667,1
2025-03-16,49.95416666666667,56.43333333333334,1423.3333333333333,13.208333333333334,27.191666666666666,53.0,3.1958333333333333,239.375,0.0,974.65,3,True,59.84583333333333,1
2025-03-17,59.84583333333333,66.14583333333333,1332.125,12.083333333333334,27.849999999999998,52.166666666666664,4.591666666666667,239.54166666666666,0.0,974.4416666666666,3,True,37.63333333333333,1
2025-03-18,37.63333333333333,40.2,992.8333333333334,4.708333333333333,28.870833333333334,54.708333333333336,5.5625,195.25,0.0,976.1708333333332,3,True,61.59583333333333,1
2025-03-19,61.59583333333333,63.166666666666664,1018.375,2.8333333333333335,24.90833333333333,76.54166666666667,6.2,219.25,5.3,980.7166666666667,3,True,55.74166666666667,1
2025-03-20,55.74166666666667,57.675000000000004,1463.0833333333333,3.625,23.34166666666667,65.70833333333333,6.341666666666666,226.83333333333334,0.0,982.3541666666666,3,True,65.375,1
2025-03-21,65.375,67.97500000000001,1631.9166666666667,5.125,24.52916666666667,66.16666666666667,4.970833333333333,294.5,0.0,981.3041666666667,3,True,92.00833333333333,1
2025-03-22,92.00833333333333,96.26666666666667,1696.8333333333333,8.458333333333334,25.8625,63.208333333333336,3.3041666666666667,265.0,0.0,979.4499999999999,3,True,73.37083333333334,1
2025-03-23,73.37083333333334,76.59166666666667,1487.7916666666667,6.291666666666667,26.766666666666666,60.166666666666664,3.5625,251.20833333333334,0.0,977.9791666666666,3,True,75.88333333333334,1
2025-03-24,75.88333333333334,78.87916666666666,1535.5,5.75,27.0625,59.208333333333336,3.6166666666666667,232.45833333333334,0.0,975.4125,3,True,50.59583333333333,1
2025-03-25,50.59583333333333,52.112500000000004,1511.6666666666667,2.625,26.9375,55.083333333333336,2.8791666666666664,232.375,0.0,971.8541666666666,3,True,34.37083333333333,0
2025-03-26,34.37083333333333,35.38333333333333,1355.5,1.6666666666666667,26.620833333333334,52.708333333333336,4.3625,242.08333333333334,0.0,970.7916666666666,3,False,39.108333333333334,1
2025-03-27,39.108333333333334,42.80416666666667,1293.6666666666667,6.916666666666667,26.46666666666667,51.625,3.654166666666667,247.04166666666666,0.0,969.8708333333334,3,True,39.025,1
2025-03-28,39.025,45.00833333333333,1458.0416666666667,11.75,26.308333333333334,50.0,3.6791666666666667,260.8333333333333,0.0,971.0375,3,True,63.71666666666667,1
2025-03-29,63.71666666666667,72.53333333333333,1439.2916666666667,17.458333333333332,27.34583333333333,50.75,3.141666666666667,260.6666666666667,0.0,972.7125,3,True,59.42916666666667,1
2025-03-30,59.42916666666667,62.3125,1263.125,5.083333333333333,28.65833333333333,52.833333333333336,4.1499999999999995,250.20833333333334,0.0,974.5500000000001,3,True,33.53333333333333,0
2025-03-31,33.53333333333333,34.40833333333333,822.2083333333334,1.2083333333333333,29.704166666666666,57.416666666666664,7.241666666666667,191.41666666666666,0.0,974.9208333333332,3,False,48.362500000000004,1
2025-04-01,48.362500000000004,49.78333333333333,790.25,2.1666666666666665,29.275000000000002,60.666666666666664,6.933333333333334,198.66666666666666,0.0,974.7958333333332,4,True,41.362500000000004,1
2025-04-02,41.362500000000004,42.108333333333334,922.2916666666666,1.0,28.6375,58.625,5.5125,211.41666666666666,0.0,975.8874999999999,4,True,52.862500000000004,1
2025-04-03,52.862500000000004,53.50416666666666,1022.25,0.7083333333333334,29.329166666666666,58.916666666666664,5.041666666666667,200.5,0.0,976.7208333333333,4,True,53.78333333333333,1
2025-04-04,53.78333333333333,54.574999999999996,1088.6666666666667,1.0,29.170833333333334,63.25,4.954166666666667,222.625,0.0,975.2916666666666,4,True,42.516666666666666,1
2025-04-05,42.516666666666666,43.09583333333333,1224.875,0.75,28.558333333333334,67.20833333333333,4.3625,241.79166666666666,0.0,974.5291666666667,4,True,33.0875,0
2025-04-06,33.0875,33.38333333333333,1199.75,0.25,27.6375,66.91666666666667,3.3541666666666665,188.33333333333334,0.7,975.0958333333333,4,False,26.087500000000002,0
2025-04-07,26.087500000000002,26.425,993.2916666666666,0.125,26.941666666666666,69.08333333333333,4.2749999999999995,245.95833333333334,0.1,977.3375,4,False,24.204166666666666,0
2025-04-08,24.204166666666666,24.5,1185.0,0.125,27.84166666666667,61.125,4.029166666666667,267.5833333333333,0.1,977.9916666666667,4,False,38.87916666666667,1
2025-04-09,38.87916666666667,39.387499999999996,1352.6666666666667,0.375,28.9375,52.875,3.579166666666667,264.2083333333333,0.0,975.2875,4,True,58.74166666666667,1
2025-04-10,58.74166666666667,59.40416666666667,1241.3333333333333,0.4583333333333333,29.087500000000002,53.916666666666664,4.104166666666667,216.0,0.0,972.975,4,True,39.09583333333334,1
2025-04-11,39.09583333333334,39.65416666666667,1074.7916666666667,0.0,28.733333333333334,62.583333333333336,4.645833333333333,237.83333333333334,1.4,971.625,4,True,19.425,0
2025-04-12,19.425,19.683333333333334,1006.4583333333334,0.0,28.254166666666666,66.41666666666667,3.829166666666667,185.5,0.0,973.15,4,False,16.020833333333332,0
2025-04-13,16.020833333333332,16.316666666666666,815.5833333333334,0.16666666666666666,26.025000000000002,80.08333333333333,4.204166666666667,226.08333333333334,37.2,975.4291666666667,4,False,26.9375,0
2025-04-14,26.9375,28.304166666666664,868.0833333333334,2.7083333333333335,25.0125,84.04166666666667,3.3708333333333336,184.375,11.2,977.0375,4,False,33.13333333333333,0
2025-04-15,33.13333333333333,33.77916666666667,1153.875,1.1666666666666667,26.608333333333334,79.91666666666667,3.0250000000000004,258.4166666666667,0.5,976.2166666666667,4,False,24.962500000000002,0
2025-04-16,24.962500000000002,25.09166666666667,1263.75,0.0,27.46666666666667,75.41666666666667,3.975,218.875,0.8,974.4708333333333,4,False,16.591666666666665,0
2025-04-17,16.591666666666665,16.783333333333335,1302.875,0.0,27.695833333333336,74.41666666666667,4.291666666666667,188.58333333333334,0.4,973.4375,4,False,17.1875,0
2025-04-18,17.1875,17.429166666666667,1138.5416666666667,0.0,27.037499999999998,78.33333333333333,4.358333333333333,213.04166666666666,0.9,972.8958333333334,4,False,22.9875,0
2025-04-19,22.9875,25.054166666666664,1120.0,3.5833333333333335,28.354166666666668,67.0,3.7583333333333333,169.41666666666666,0.0,972.4958333333334,4,False,22.1375,0
2025-04-20,22.1375,25.441666666666666,820.9583333333334,6.125,28.733333333333334,60.5,4.85,226.08333333333334,0.0,973.0416666666666,4,False,19.616666666666667,0
2025-04-21,19.616666666666667,22.65833333333333,834.5833333333334,5.625,29.474999999999998,59.625,5.579166666666667,234.20833333333334,0.0,974.625,4,False,21.400000000000002,0
2025-04-22,21.400000000000002,24.666666666666668,1361.125,6.375,30.320833333333336,57.625,4.316666666666667,230.875,0.39999999999999997,974.3708333333334,4,False,26.495833333333334,0
2025-04-23,26.495833333333334,30.045833333333334,894.2083333333334,6.375,31.0125,54.458333333333336,5.0875,245.75,0.0,972.7666666666668,4,False,33.25416666666667,0
2025-04-24,33.25416666666667,38.229166666666664,979.125,9.333333333333334,31.320833333333336,52.0,4.5,228.875,0.0,972.2458333333334,4,False,38.15,1
2025-04-25,38.15,46.42083333333333,1137.375,15.625,31.566666666666666,49.791666666666664,3.4166666666666665,223.75,0.0,972.65,4,True,37.733333333333334,1
2025-04-26,37.733333333333334,43.92916666666667,773.5416666666666,11.75,31.53333333333333,47.5,4.529166666666667,243.54166666666666,0.0,973.1958333333333,4,True,31.441666666666666,0
2025-04-27,31.441666666666666,34.69583333333333,821.125,6.208333333333333,30.95,52.958333333333336,3.891666666666667,232.95833333333334,0.0,974.3625000000001,4,False,21.541666666666668,0
2025-04-28,21.541666666666668,22.65416666666667,995.5,2.25,28.479166666666668,58.25,4.670833333333333,209.95833333333334,0.0,974.475,4,False,16.658333333333335,0
2025-04-29,16.658333333333335,16.941666666666666,986.5,0.25,27.258333333333336,69.5,6.283333333333334,202.83333333333334,3.6,975.4625,4,False,17.837500000000002,0
2025-04-30,17.837500000000002,18.058333333333334,902.375,0.0,26.587500000000002,73.375,5.658333333333334,253.25,2.4,975.5583333333334,4,False,15.091666666666667,0
2025-05-01,15.091666666666667,15.308333333333332,1149.5,0.0,26.837500000000002,71.83333333333333,5.041666666666667,206.25,7.6,976.7125,5,False,17.1875,0
2025-05-02,17.1875,17.3875,1039.9166666666667,0.0,27.59166666666667,71.875,3.8874999999999997,219.66666666666666,0.8,975.5,5,False,21.575,0
2025-05-03,21.575,21.820833333333336,847.0416666666666,0.0,27.47083333333333,74.375,5.183333333333334,226.25,6.8999999999999995,973.9958333333334,5,False,23.670833333333334,0
2025-05-04,23.670833333333334,25.083333333333332,886.5,2.0416666666666665,27.59583333333333,73.16666666666667,3.441666666666667,239.08333333333334,1.6,972.65,5,False,18.474999999999998,0
2025-05-05,18.474999999999998,21.004166666666666,869.7916666666666,4.25,29.758333333333336,61.541666666666664,2.920833333333333,197.5,0.0,972.0500000000001,5,False,18.141666666666666,0
2025-05-06,18.141666666666666,20.816666666666666,744.9166666666666,5.333333333333333,31.354166666666668,51.458333333333336,3.608333333333333,219.20833333333334,0.0,971.5500000000001,5,False,14.25,0
2025-05-07,14.25,15.445833333333333,639.4166666666666,1.7916666666666667,31.683333333333334,52.833333333333336,6.679166666666667,222.79166666666666,0.2,970.7166666666667,5,False,20.708333333333332,0
2025-05-08,20.708333333333332,22.325,828.4166666666666,2.75,30.533333333333335,60.666666666666664,4.2124999999999995,199.29166666666666,0.8999999999999999,971.4125,5,False,24.400000000000002,0
2025-05-09,24.400000000000002,26.2375,924.0833333333334,3.3333333333333335,30.275000000000002,62.291666666666664,4.429166666666666,198.25,0.0,971.8833333333333,5,False,36.775,0
2025-05-10,36.775,39.72083333333333,773.125,5.416666666666667,30.3625,60.666666666666664,2.725,220.375,0.0,972.0875,5,False,24.958333333333332,0
2025-05-11,24.958333333333332,27.3125,880.375,4.583333333333333,28.891666666666666,70.45833333333333,5.075,232.625,6.7,971.7624999999999,5,False,17.120833333333334,0
2025-05-12,17.120833333333334,18.254166666666666,884.7916666666666,2.3333333333333335,26.979166666666668,75.70833333333333,5.245833333333334,198.0,1.8,972.5916666666667,5,False,22.5125,0
2025-05-13,22.5125,22.958333333333332,713.5833333333334,0.9166666666666666,27.058333333333334,76.16666666666667,6.2375,216.58333333333334,6.6,973.2125,5,False,29.020833333333332,0
2025-05-14,29.020833333333332,29.21666666666667,791.0,0.2916666666666667,27.15416666666667,77.875,4.4125000000000005,235.375,8.200000000000001,974.3166666666666,5,False,13.200000000000001,0
2025-05-15,13.200000000000001,13.258333333333333,950.0,0.0,25.875,84.45833333333333,3.5875,208.41666666666666,4.5,975.0666666666666,5,False,25.458333333333332,0
2025-05-16,25.458333333333332,25.745833333333334,1261.625,0.08333333333333333,25.9375,84.875,3.408333333333333,198.79166666666666,9.5,975.0666666666666,5,False,12.195833333333333,0
2025-05-17,12.195833333333333,12.475,1194.875,0.20833333333333334,26.629166666666666,84.625,4.175,261.375,12.8,974.6333333333333,5,False,13.1,0
2025-05-18,13.1,13.266666666666666,1031.7083333333333,0.0,27.1375,79.5,4.379166666666666,238.33333333333334,12.9,974.2416666666667,5,False,19.3125,0
2025-05-19,19.3125,19.45,1200.2083333333333,0.0,27.77916666666667,78.33333333333333,2.891666666666667,186.54166666666666,6.0,973.1166666666667,5,False,31.741666666666664,0
2025-05-20,31.741666666666664,31.916666666666668,1429.5416666666667,0.0,28.254166666666666,77.41666666666667,3.5749999999999997,149.375,2.1,972.275,5,False,24.162499999999998,0
2025-05-21,24.162499999999998,24.316666666666666,1140.75,0.0,28.333333333333332,78.79166666666667,3.670833333333333,160.25,10.9,972.65,5,False,20.9875,0
2025-05-22,20.9875,21.208333333333332,1098.4583333333333,0.125,28.170833333333334,79.04166666666667,3.779166666666667,163.33333333333334,12.1,971.3458333333333,5,False,14.737499999999999,0
2025-05-23,14.737499999999999,14.975,1147.8333333333333,0.0,27.099999999999998,85.375,3.204166666666667,217.08333333333334,8.5,970.0208333333334,5,False,14.870833333333332,0
2025-05-24,14.870833333333332,15.033333333333333,836.0416666666666,0.0,27.233333333333334,82.04166666666667,3.608333333333333,207.375,4.6000000000000005,971.1791666666667,5,False,10.3375,0
2025-05-25,10.3375,10.35,592.1666666666666,0.0,25.695833333333336,86.54166666666667,5.033333333333333,239.0,44.0,973.475,5,False,12.404166666666667,0
2025-05-26,12.404166666666667,12.408333333333333,557.4166666666666,0.0,25.22083333333333,87.625,5.708333333333333,242.625,21.2,973.4541666666668,5,False,14.725,0
2025-05-27,14.725,14.791666666666666,893.3333333333334,0.0,25.045833333333334,89.125,5.5874999999999995,219.875,18.7,972.15,5,False,11.904166666666667,0
2025-05-28,11.904166666666667,12.491666666666667,653.3333333333334,0.5833333333333334,26.358333333333334,83.0,5.575,192.0,3.4000000000000004,971.3791666666666,5,False,14.279166666666667,0
2025-05-29,14.279166666666667,15.991666666666667,1020.0,1.9583333333333333,26.270833333333332,83.54166666666667,5.8999999999999995,179.875,16.599999999999998,971.6916666666666,5,False,14.091666666666667,0
2025-05-30,14.091666666666667,15.549999999999999,1032.4166666666667,1.6666666666666667,26.045833333333334,87.75,3.5666666666666664,192.91666666666666,29.2,972.4583333333334,5,False,8.525,0
2025-05-31,8.525,9.195833333333333,1657.5833333333333,0.875,26.395833333333332,86.75,4.125,202.04166666666666,13.0,973.1583333333333,5,False,10.762500000000001,0
2025-06-01,10.762500000000001,11.329166666666666,948.25,0.4166666666666667,27.141666666666666,80.95833333333333,6.141666666666667,177.75,12.200000000000001,972.0708333333333,6,False,12.979166666666666,0
2025-06-02,12.979166666666666,14.1,1015.8333333333334,1.5,27.5625,77.54166666666667,7.120833333333334,152.08333333333334,12.5,971.1125000000001,6,False,16.658333333333335,0
2025-06-03,16.658333333333335,20.158333333333335,1335.375,6.208333333333333,26.09583333333333,85.66666666666667,3.966666666666667,167.16666666666666,2.4,971.2083333333334,6,False,36.704166666666666,0
2025-06-04,36.704166666666666,46.61666666666667,1347.625,19.541666666666668,27.212500000000002,81.95833333333333,3.641666666666667,155.16666666666666,9.0,972.0416666666666,6,False,36.09166666666667,0
2025-06-05,36.09166666666667,42.141666666666666,1343.1666666666667,11.833333333333334,27.55,81.5,3.154166666666667,160.66666666666666,3.6999999999999997,972.4708333333333,6,False,41.112500000000004,1
2025-06-06,41.112500000000004,45.40416666666667,1447.3333333333333,7.791666666666667,28.0,80.91666666666667,3.0375,159.91666666666666,3.0999999999999996,972.1416666666668,6,True,30.291666666666668,0
2025-06-07,30.291666666666668,32.233333333333334,1475.2083333333333,3.0416666666666665,28.59166666666667,77.33333333333333,3.6999999999999997,162.41666666666666,0.6000000000000001,971.3625000000001,6,False,22.083333333333332,0
2025-06-08,22.083333333333332,22.974999999999998,1086.375,1.625,28.575,77.33333333333333,3.5124999999999997,136.875,0.8999999999999999,970.3666666666667,6,False,19.233333333333334,0
2025-06-09,19.233333333333334,19.741666666666667,825.375,0.7916666666666666,27.820833333333336,79.08333333333333,4.791666666666667,221.375,4.7,969.8833333333333,6,False,13.529166666666667,0
2025-06-10,13.529166666666667,14.129166666666668,740.0416666666666,0.8333333333333334,26.46666666666667,83.29166666666667,4.204166666666667,193.125,11.0,970.0833333333334,6,False,11.404166666666667,0
2025-06-11,11.404166666666667,11.5375,891.25,0.0,25.508333333333336,88.54166666666667,2.9,220.04166666666666,24.8,970.6833333333334,6,False,17.708333333333332,0
2025-06-12,17.708333333333332,18.0,1477.9583333333333,0.625,27.083333333333332,83.0,2.9916666666666667,225.875,2.3,970.0041666666666,6,False,20.587500000000002,0
2025-06-13,20.587500000000002,21.116666666666667,1327.0416666666667,0.9583333333333334,27.46666666666667,82.04166666666667,3.7583333333333333,175.08333333333334,8.4,970.2624999999999,6,False,17.379166666666666,0
2025-06-14,17.379166666666666,17.979166666666668,1117.4583333333333,0.875,26.525000000000002,85.58333333333333,4.0874999999999995,147.45833333333334,15.5,970.8041666666667,6,False,12.558333333333332,0
2025-06-15,12.558333333333332,13.25,1018.5833333333334,0.75,27.22083333333333,80.875,4.845833333333333,158.25,9.7,970.8458333333333,6,False,10.975,0
2025-06-16,10.975,11.325000000000001,1333.75,0.0,26.816666666666666,82.75,4.508333333333334,194.58333333333334,11.4,972.0083333333333,6,False,17.966666666666665,0
2025-06-17,17.966666666666665,18.433333333333334,1253.0833333333333,0.0,26.045833333333334,87.04166666666667,4.845833333333333,191.45833333333334,22.1,972.9083333333333,6,False,15.770833333333334,0
2025-06-18,15.770833333333334,16.233333333333334,999.25,0.4166666666666667,27.46666666666667,78.79166666666667,4.958333333333333,149.0,2.5999999999999996,972.3416666666667,6,False,22.629166666666666,0
2025-06-19,22.629166666666666,25.71666666666667,1253.0416666666667,5.125,26.97083333333333,81.08333333333333,3.6833333333333336,154.375,14.299999999999999,972.3166666666666,6,False,28.650000000000002,0
2025-06-20,28.650000000000002,33.391666666666666,1410.375,8.708333333333334,27.037499999999998,84.25,3.3791666666666664,190.29166666666666,2.9,971.725,6,False,24.125,0
2025-06-21,24.125,28.912499999999998,1250.25,9.083333333333334,27.708333333333332,78.41666666666667,4.0375000000000005,162.91666666666666,0.5,970.5458333333332,6,False,14.508333333333333,0
2025-06-22,14.508333333333333,16.962500000000002,839.0,4.791666666666667,27.133333333333336,81.08333333333333,4.8374999999999995,204.125,29.2,970.8041666666667,6,False,10.108333333333333,0
2025-06-23,10.108333333333333,10.791666666666666,687.3333333333334,1.0833333333333333,26.474999999999998,84.04166666666667,3.9625,170.625,22.3,970.5625,6,False,11.408333333333333,0
2025-06-24,11.408333333333333,12.4375,741.8333333333334,1.7083333333333333,25.954166666666666,85.25,3.7249999999999996,217.58333333333334,12.4,970.7416666666667,6,False,21.858333333333334,0
2025-06-25,21.858333333333334,25.304166666666664,780.3333333333334,6.5,26.691666666666666,82.66666666666667,3.454166666666667,212.33333333333334,10.0,972.0958333333333,6,False,26.116666666666664,0
2025-06-26,26.116666666666664,29.55,952.7083333333334,6.666666666666667,26.78333333333333,85.5,3.391666666666667,185.45833333333334,25.5,972.15,6,False,19.20416666666667,0
2025-06-27,19.20416666666667,20.537499999999998,936.9583333333334,2.625,25.974999999999998,88.125,4.2375,139.375,26.9,971.0166666666668,6,False,14.237499999999999,0
2025-06-28,14.237499999999999,15.4375,862.625,2.0416666666666665,25.77916666666667,87.04166666666667,3.1166666666666667,117.54166666666667,16.8,969.9833333333332,6,False,17.616666666666667,0
2025-06-29,17.616666666666667,19.445833333333333,1049.0,3.3333333333333335,26.22083333333333,82.91666666666667,4.858333333333333,143.54166666666666,3.2,969.0208333333334,6,False,13.416666666666666,0
2025-06-30,13.416666666666666,15.75,1305.125,4.083333333333333,26.583333333333332,81.41666666666667,3.8958333333333335,150.41666666666666,16.5,969.1374999999999,6,False,20.908333333333335,0
2025-07-01,20.908333333333335,26.208333333333332,1265.3333333333333,9.875,26.516666666666666,81.5,3.5833333333333335,131.41666666666666,12.7,970.2083333333334,7,False,22.212500000000002,0
2025-07-02,22.212500000000002,25.52916666666667,1312.0416666666667,6.125,26.391666666666666,84.70833333333333,2.975,161.125,27.599999999999998,971.3916666666668,7,False,23.583333333333332,0
2025-07-03,23.583333333333332,27.462500000000002,1253.5,6.916666666666667,26.020833333333332,85.54166666666667,2.795833333333334,122.625,14.700000000000001,972.4958333333334,7,False,25.608333333333334,0
2025-07-04,25.608333333333334,29.554166666666664,1266.5416666666667,7.416666666666667,26.2625,82.83333333333333,2.1166666666666667,168.625,12.000000000000002,972.2875,7,False,23.804166666666664,0
2025-07-05,23.804166666666664,26.416666666666668,1122.7083333333333,4.833333333333333,26.383333333333336,83.66666666666667,2.9250000000000003,149.0,29.400000000000002,970.6958333333333,7,False,19.2,0
2025-07-06,19.2,21.224999999999998,988.0416666666666,3.5416666666666665,26.054166666666664,86.29166666666667,4.154166666666667,163.625,11.3,970.4083333333333,7,False,15.104166666666666,0
2025-07-07,15.104166666666666,16.791666666666668,1323.7083333333333,2.9583333333333335,25.866666666666664,84.08333333333333,5.091666666666667,175.125,4.5,970.9,7,False,23.641666666666666,0
2025-07-08,23.641666666666666,31.1125,1430.4583333333333,13.416666666666666,26.570833333333336,83.75,3.2583333333333333,139.70833333333334,10.3,971.2208333333333,7,False,22.7,0
2025-07-09,22.7,28.895833333333332,1489.0,11.458333333333334,26.77916666666667,82.75,3.0416666666666665,117.54166666666667,20.800000000000004,971.5375,7,False,27.604166666666668,0
2025-07-10,27.604166666666668,36.704166666666666,1414.25,17.791666666666668,26.375,86.0,2.85,159.54166666666666,3.8000000000000003,969.5083333333333,7,False,23.75,0
2025-07-11,23.75,32.675000000000004,1081.875,16.708333333333332,26.070833333333336,90.29166666666667,2.4791666666666665,128.29166666666666,36.4,967.3666666666667,7,False,22.462500000000002,0
2025-07-12,22.462500000000002,25.645833333333332,1274.0,5.666666666666667,25.3,90.54166666666667,3.1958333333333333,168.79166666666666,20.8,969.15,7,False,19.016666666666666,0
2025-07-13,19.016666666666666,20.400000000000002,1252.9583333333333,2.5,26.758333333333336,84.83333333333333,2.85,192.45833333333334,17.4,971.15,7,False,23.46666666666667,0
2025-07-14,23.46666666666667,26.016666666666666,1092.125,4.666666666666667,27.0,84.70833333333333,2.9375,191.79166666666666,33.6,971.3583333333332,7,False,25.991666666666664,0
2025-07-15,25.991666666666664,28.329166666666666,1770.875,4.166666666666667,26.537499999999998,88.125,2.9458333333333333,117.08333333333333,20.599999999999998,970.2458333333334,7,False,15.4375,0
2025-07-16,15.4375,16.224999999999998,1393.0416666666667,1.5,26.1375,89.04166666666667,4.4625,159.70833333333334,9.0,970.4875000000001,7,False,20.045833333333334,0
2025-07-17,20.045833333333334,20.766666666666666,1505.6666666666667,1.125,25.683333333333334,91.125,2.370833333333333,158.04166666666666,15.1,971.1958333333333,7,False,16.404166666666665,0
2025-07-18,16.404166666666665,16.829166666666666,1133.75,0.75,26.229166666666668,86.70833333333333,2.75,175.83333333333334,17.5,970.475,7,False,22.895833333333332,0
2025-07-19,22.895833333333332,24.0125,1310.125,1.4583333333333333,26.629166666666666,84.625,3.2291666666666665,138.29166666666666,2.4,967.9125,7,False,22.858333333333334,0
2025-07-20,22.858333333333334,23.349999999999998,1464.8333333333333,0.20833333333333334,26.15833333333333,86.0,3.1750000000000003,140.04166666666666,7.3,967.6708333333332,7,False,15.025,0
2025-07-21,15.025,15.283333333333333,1496.9166666666667,0.20833333333333334,27.02916666666667,82.75,3.533333333333333,154.16666666666666,3.1,967.6416666666668,7,False,23.633333333333336,0
2025-07-22,23.633333333333336,23.900000000000002,1592.0833333333333,0.25,25.770833333333332,87.79166666666667,3.9250000000000003,142.79166666666666,6.3999999999999995,965.8166666666666,7,False,9.595833333333333,0
2025-07-23,9.595833333333333,9.775,1044.0833333333333,0.0,24.7,93.75,5.875,146.04166666666666,48.1,963.4,7,False,6.1499999999999995,0
2025-07-24,6.1499999999999995,6.541666666666667,912.9166666666666,0.0,25.454166666666666,90.08333333333333,5.116666666666666,209.33333333333334,38.5,966.9541666666668,7,False,9.1875,0
2025-07-25,9.1875,9.770833333333334,1256.5833333333333,0.5833333333333334,25.604166666666668,89.58333333333333,3.3666666666666667,190.375,12.0,969.7083333333334,7,False,11.208333333333334,0
2025-07-26,11.208333333333334,11.733333333333334,1557.0416666666667,0.625,26.016666666666666,89.45833333333333,3.0208333333333335,139.66666666666666,7.2,970.1083333333332,7,False,12.716666666666667,0
2025-07-27,12.716666666666667,13.049999999999999,1256.2083333333333,0.375,25.579166666666666,91.08333333333333,3.7875,129.625,20.8,968.8083333333334,7,False,12.487499999999999,0
2025-07-28,12.487499999999999,12.695833333333333,1333.5,0.20833333333333334,24.804166666666664,93.0,3.183333333333333,122.5,37.1,968.0333333333333,7,False,14.229166666666666,0
2025-07-29,14.229166666666666,15.058333333333332,1153.8333333333333,1.4166666666666667,26.229166666666668,90.20833333333333,3.2916666666666665,141.83333333333334,15.1,968.4708333333333,7,False,19.658333333333335,0
2025-07-30,19.658333333333335,24.75,1395.2916666666667,9.041666666666666,26.679166666666664,86.5,3.9583333333333335,153.95833333333334,4.1,969.4833333333332,7,False,27.270833333333332,0
2025-07-31,27.270833333333332,36.34166666666667,1347.5416666666667,17.666666666666668,27.270833333333332,82.08333333333333,3.8499999999999996,143.70833333333334,5.8,969.5583333333334,7,False,26.583333333333332,0
2025-08-01,26.583333333333332,37.475,1337.0,20.125,27.229166666666668,84.91666666666667,3.579166666666667,135.91666666666666,5.4,969.2875,8,False,25.40833333333333,0
2025-08-02,25.40833333333333,35.475,1406.625,18.916666666666668,27.15416666666667,85.45833333333333,3.720833333333333,156.41666666666666,21.7,970.8666666666667,8,False,28.120833333333334,0
2025-08-03,28.120833333333334,43.541666666666664,1394.5833333333333,28.458333333333332,27.641666666666666,80.33333333333333,3.908333333333333,148.58333333333334,3.1999999999999997,972.375,8,False,23.287499999999998,0
2025-08-04,23.287499999999998,25.670833333333334,1371.125,3.7083333333333335,27.829166666666666,77.70833333333333,3.7416666666666667,149.70833333333334,0.7,972.1125000000001,8,False,22.116666666666664,0
2025-08-05,22.116666666666664,23.791666666666668,1533.9166666666667,3.1666666666666665,27.120833333333334,84.08333333333333,2.841666666666667,132.04166666666666,11.4,971.6791666666667,8,False,16.3125,0
2025-08-06,16.3125,17.375,1675.9583333333333,1.6666666666666667,25.075,92.83333333333333,3.2708333333333335,120.95833333333333,33.2,971.2041666666668,8,False,10.508333333333333,0
2025-08-07,10.508333333333333,11.204166666666666,1464.125,0.875,25.879166666666666,87.83333333333333,2.8666666666666667,242.29166666666666,18.400000000000002,972.65,8,False,15.920833333333334,0
2025-08-08,15.920833333333334,17.541666666666668,1485.125,2.5833333333333335,25.954166666666666,87.0,2.6833333333333336,149.66666666666666,12.7,974.9,8,False,28.991666666666664,0
2025-08-09,28.991666666666664,31.3625,1680.2083333333333,3.7916666666666665,26.65833333333333,85.58333333333333,2.8000000000000003,165.91666666666666,7.6000000000000005,974.2624999999999,8,False,22.170833333333334,0
2025-08-10,22.170833333333334,22.854166666666668,1121.7083333333333,0.7916666666666666,26.929166666666664,84.04166666666667,2.6875,138.29166666666666,17.6,972.3874999999999,8,False,21.829166666666666,0
2025-08-11,21.829166666666666,22.09166666666667,1399.125,0.0,27.075,83.58333333333333,3.141666666666667,140.16666666666666,10.9,970.8833333333333,8,False,11.641666666666666,0
2025-08-12,11.641666666666666,11.808333333333332,1006.5,0.125,26.691666666666666,83.20833333333333,3.6125000000000003,161.08333333333334,11.0,971.1083333333332,8,False,14.291666666666666,0
2025-08-13,14.291666666666666,14.758333333333333,1220.25,0.3333333333333333,26.47083333333333,85.70833333333333,3.2875,220.45833333333334,8.9,973.1416666666668,8,False,18.495833333333334,0
2025-08-14,18.495833333333334,18.775000000000002,1549.7083333333333,0.2916666666666667,26.679166666666664,86.29166666666667,2.6374999999999997,177.33333333333334,11.5,972.1083333333332,8,False,18.675,0
2025-08-15,18.675,18.7625,1481.2083333333333,0.0,26.066666666666666,86.04166666666667,3.4458333333333333,148.375,30.1,969.5375,8,False,10.141666666666667,0
2025-08-16,10.141666666666667,10.191666666666666,627.3333333333334,0.0,25.016666666666666,88.125,4.595833333333333,164.66666666666666,30.3,970.0416666666666,8,False,10.554166666666667,0
2025-08-17,10.554166666666667,10.604166666666666,744.2916666666666,0.0,25.008333333333336,86.91666666666667,3.158333333333333,184.41666666666666,25.0,973.1208333333334,8,False,17.020833333333332,0
2025-08-18,17.020833333333332,17.191666666666666,1441.3333333333333,0.125,25.787499999999998,86.0,3.279166666666667,191.66666666666666,11.700000000000001,973.8083333333334,8,False,17.0,0
2025-08-19,17.0,17.4875,1350.9166666666667,0.6666666666666666,26.991666666666664,81.0,4.2749999999999995,163.33333333333334,2.9,973.1,8,False,20.191666666666666,0
2025-08-20,20.191666666666666,21.40833333333333,1357.5416666666667,2.0833333333333335,27.162499999999998,79.75,4.229166666666667,147.20833333333334,1.7,973.4041666666667,8,False,19.425,0
2025-08-21,19.425,20.858333333333334,1175.5,2.4583333333333335,27.099999999999998,82.375,3.091666666666667,212.29166666666666,7.5,973.6791666666667,8,False,16.075,0
2025-08-22,16.075,16.908333333333335,1111.25,1.5416666666666667,26.2625,86.25,3.7375000000000003,203.04166666666666,10.5,973.1416666666668,8,False,10.116666666666667,0
2025-08-23,10.116666666666667,10.304166666666667,1079.2083333333333,0.2916666666666667,25.21666666666667,87.0,3.8041666666666667,166.0,13.6,973.0583333333334,8,False,11.0875,0
2025-08-24,11.0875,11.112499999999999,1472.0,0.0,26.316666666666666,84.45833333333333,2.6625,152.58333333333334,9.3,972.4083333333333,8,False,18.445833333333333,0
2025-08-25,18.445833333333333,18.5125,1304.4583333333333,0.0,26.458333333333332,85.625,2.4166666666666665,211.0,12.1,970.5625,8,False,18.958333333333332,0
2025-08-26,18.958333333333332,19.0125,1369.125,0.0,24.929166666666664,92.33333333333333,4.366666666666666,150.66666666666666,31.2,970.2208333333333,8,False,13.316666666666668,0
2025-08-27,13.316666666666668,13.379166666666668,1023.4583333333334,0.0,24.070833333333336,94.125,3.0416666666666665,92.08333333333333,32.699999999999996,971.4083333333333,8,False,17.754166666666666,0
2025-08-28,17.754166666666666,18.033333333333335,1380.6666666666667,0.0,24.4875,89.66666666666667,3.0749999999999997,152.20833333333334,7.6,972.7916666666666,8,False,27.7375,0
2025-08-29,27.7375,28.133333333333336,1650.875,0.0,26.333333333333332,82.25,2.7291666666666665,157.33333333333334,4.7,973.5,8,False,19.95,0
2025-08-30,19.95,20.170833333333334,1735.2916666666667,0.0,26.866666666666664,83.58333333333333,3.0625,167.70833333333334,6.5,972.525,8,False,15.858333333333334,0
2025-08-31,15.858333333333334,15.920833333333334,1106.9166666666667,0.0,25.912499999999998,88.04166666666667,5.508333333333333,236.875,30.3,969.4625,8,False,13.762500000000001,0
2025-09-01,13.762500000000001,13.791666666666666,592.7916666666666,0.0,25.458333333333332,85.45833333333333,4.0375000000000005,220.41666666666666,12.200000000000001,971.2541666666666,9,False,14.924999999999999,0
2025-09-02,14.924999999999999,15.158333333333333,1057.2083333333333,0.125,25.820833333333336,86.0,3.725,187.58333333333334,6.8,972.125,9,False,16.6375,0
2025-09-03,16.6375,17.079166666666666,1372.8333333333333,0.7083333333333334,26.291666666666668,85.45833333333333,3.0208333333333335,196.5,1.6,972.8041666666667,9,False,19.9875,0
2025-09-04,19.9875,20.408333333333335,1283.875,0.5833333333333334,27.375,81.54166666666667,3.1,179.45833333333334,0.6,972.2375000000001,9,False,19.666666666666668,0
2025-09-05,19.666666666666668,19.704166666666666,1171.3333333333333,0.0,27.708333333333332,80.91666666666667,4.2250000000000005,207.875,1.2,972.4499999999999,9,False,24.916666666666668,0
2025-09-06,24.916666666666668,24.933333333333334,1511.7083333333333,0.0,27.15833333333333,82.95833333333333,2.9166666666666665,214.20833333333334,1.7000000000000002,973.0916666666667,9,False,31.02916666666667,0
2025-09-07,31.02916666666667,31.054166666666664,1413.0833333333333,0.0,27.008333333333336,83.95833333333333,2.6875,167.75,1.2000000000000002,972.3625000000001,9,False,24.141666666666666,0
2025-09-08,24.141666666666666,24.15833333333333,1431.2083333333333,0.0,26.770833333333332,83.41666666666667,2.5708333333333333,173.04166666666666,1.5,972.0833333333334,9,False,16.587500000000002,0
2025-09-09,16.587500000000002,16.599999999999998,960.9166666666666,0.0,26.195833333333336,84.79166666666667,3.3041666666666667,205.83333333333334,9.0,972.9916666666667,9,False,8.766666666666667,0
2025-09-10,8.766666666666667,8.795833333333333,705.9166666666666,0.0,25.400000000000002,87.91666666666667,4.2,198.66666666666666,15.4,973.4083333333333,9,False,9.558333333333334,0
2025-09-11,9.558333333333334,9.854166666666666,822.75,0.2916666666666667,25.754166666666666,86.5,4.516666666666667,215.0,19.3,974.2333333333332,9,False,10.516666666666667,0
2025-09-12,10.516666666666667,10.908333333333333,1114.25,0.3333333333333333,26.287499999999998,83.95833333333333,3.266666666666666,235.25,5.6,974.7583333333333,9,False,16.633333333333333,0
2025-09-13,16.633333333333333,16.849999999999998,1064.0,0.0,26.129166666666666,85.70833333333333,3.216666666666667,242.04166666666666,3.6,975.0500000000001,9,False,18.724999999999998,0
2025-09-14,18.724999999999998,18.9125,1370.8333333333333,0.0,26.28333333333333,85.04166666666667,2.9250000000000003,215.16666666666666,1.0,975.4041666666667,9,False,22.758333333333336,0
2025-09-15,22.758333333333336,22.849999999999998,1227.875,0.0,26.745833333333334,80.25,3.4791666666666665,218.16666666666666,4.8999999999999995,974.9666666666667,9,False,19.141666666666666,0
2025-09-16,19.141666666666666,19.204166666666666,1181.4583333333333,0.0,26.28333333333333,80.375,2.7916666666666665,170.83333333333334,2.1,975.1625,9,False,29.40833333333333,0
2025-09-17,29.40833333333333,29.429166666666664,1094.5,0.0,26.96666666666667,77.79166666666667,2.8625000000000003,196.04166666666666,0.1,973.6958333333333,9,False,25.375,0
2025-09-18,25.375,25.383333333333336,1597.0416666666667,0.0,27.066666666666666,82.0,2.6,205.16666666666666,0.6000000000000001,972.8041666666667,9,False,14.775,0
2025-09-19,14.775,14.7875,1132.8333333333333,0.0,26.6875,83.41666666666667,3.8125,212.45833333333334,4.5,972.9708333333333,9,False,14.716666666666667,0
2025-09-20,14.716666666666667,14.754166666666668,801.7916666666666,0.0,25.770833333333332,86.0,3.5833333333333335,238.58333333333334,15.8,972.3000000000001,9,False,11.904166666666667,0
2025-09-21,11.904166666666667,11.975,986.375,0.0,25.579166666666666,87.375,2.5166666666666666,192.04166666666666,3.9,972.1416666666668,9,False,13.316666666666668,0
2025-09-22,13.316666666666668,13.5625,784.0416666666666,0.0,25.22083333333333,90.33333333333333,3.454166666666667,149.70833333333334,29.3,972.65,9,False,10.079166666666667,0
2025-09-23,10.079166666666667,10.341666666666667,1070.4166666666667,0.0,25.45,89.04166666666667,2.8666666666666667,227.16666666666666,15.4,971.3958333333334,9,False,9.6875,0
2025-09-24,9.6875,9.7125,936.375,0.0,25.316666666666666,87.83333333333333,3.3125,189.45833333333334,19.8,969.7416666666667,9,False,15.929166666666667,0
2025-09-25,15.929166666666667,15.950000000000001,1250.5833333333333,0.0,25.7,87.66666666666667,3.9,209.95833333333334,2.9,970.0500000000001,9,False,17.004166666666666,0
2025-09-26,17.004166666666666,17.079166666666666,1368.5833333333333,0.0,25.6125,88.625,2.3333333333333335,194.20833333333334,36.8,972.8958333333334,9,False,9.1625,0
2025-09-27,9.1625,9.191666666666666,1196.25,0.0,25.508333333333336,87.125,3.1041666666666665,203.33333333333334,7.3,975.4,9,False,11.891666666666666,0
2025-09-28,11.891666666666666,12.033333333333333,1649.0,0.0,27.170833333333334,79.375,4.504166666666666,243.625,1.0,972.6291666666666,9,False,11.491666666666667,0
2025-09-29,11.491666666666667,11.625,1101.6666666666667,0.0,27.666666666666668,73.04166666666667,4.245833333333334,296.0416666666667,0.39999999999999997,968.4250000000001,9,False,7.533333333333332,0
2025-09-30,7.533333333333332,7.583333333333333,568.4583333333334,0.0,24.604166666666668,90.75,6.2625,206.125,15.9,971.35,9,False,7.516666666666667,0
2025-10-01,7.516666666666667,7.708333333333333,636.2916666666666,0.20833333333333334,24.833333333333332,89.0,4.6625000000000005,225.79166666666666,11.2,975.2541666666666,10,False,14.5625,0
2025-10-02,14.5625,15.229166666666666,1629.5,1.0,26.170833333333334,84.375,2.891666666666667,258.4166666666667,6.9,976.9875000000001,10,False,14.0875,0
2025-10-03,14.0875,14.645833333333334,1411.0,0.7916666666666666,27.2,83.0,2.595833333333333,189.04166666666666,0.8,976.2875,10,False,15.8375,0
2025-10-04,15.8375,15.9,1290.625,0.0,26.287499999999998,85.95833333333333,2.8541666666666665,151.625,3.7,976.15,10,False,15.708333333333334,0
2025-10-05,15.708333333333334,15.775,1862.7916666666667,0.0,26.5,84.20833333333333,4.020833333333333,170.41666666666666,0.30000000000000004,975.25,10,False,21.65833333333333,0
2025-10-06,21.65833333333333,21.745833333333334,1506.4166666666667,0.0,26.40416666666667,85.66666666666667,3.1125000000000003,195.75,1.0,973.9083333333333,10,False,27.5625,0
2025-10-07,27.5625,28.150000000000002,1630.875,0.5833333333333334,25.995833333333334,86.66666666666667,3.1333333333333333,182.875,1.9,974.8583333333332,10,False,17.320833333333333,0
2025-10-08,17.320833333333333,17.658333333333335,1298.125,0.3333333333333333,26.120833333333334,82.70833333333333,3.5625,205.75,7.3,976.4041666666667,10,False,15.354166666666666,0
2025-10-09,15.354166666666666,15.516666666666666,1567.9166666666667,0.125,26.34583333333333,82.91666666666667,2.9125,223.08333333333334,2.8,976.2833333333333,10,False,14.808333333333335,0
2025-10-10,14.808333333333335,14.895833333333334,1329.0833333333333,0.0,26.891666666666666,76.66666666666667,3.6916666666666664,218.33333333333334,1.1,975.7125,10,False,22.758333333333336,0
2025-10-11,22.758333333333336,22.825,1402.5,0.0,27.320833333333336,71.0,2.5416666666666665,233.70833333333334,0.0,974.8958333333334,10,False,23.108333333333334,0
2025-10-12,23.108333333333334,23.15416666666667,1783.3333333333333,0.0,27.495833333333334,75.33333333333333,1.9083333333333334,205.0,0.2,974.7083333333334,10,False,23.704166666666666,0
2025-10-13,23.704166666666666,23.754166666666666,1560.3333333333333,0.0,26.541666666666668,82.45833333333333,3.2458333333333336,229.29166666666666,11.6,975.0166666666668,10,False,20.933333333333334,0
2025-10-14,20.933333333333334,21.004166666666666,1676.6666666666667,0.0,25.55,86.29166666666667,2.670833333333333,253.75,11.6,974.7833333333333,10,False,12.045833333333334,0
2025-10-15,12.045833333333334,12.079166666666666,1309.5416666666667,0.0,24.541666666666668,89.29166666666667,3.7583333333333333,217.0,17.1,975.0875,10,False,12.1875,0
2025-10-16,12.1875,12.220833333333333,866.0,0.0,25.47083333333333,85.5,3.4375,215.41666666666666,13.100000000000001,976.3416666666667,10,False,15.799999999999999,0
2025-10-17,15.799999999999999,15.966666666666667,1273.0,0.0,25.854166666666668,85.91666666666667,4.104166666666667,239.16666666666666,4.6,977.1374999999999,10,False,18.787499999999998,0
2025-10-18,18.787499999999998,18.9875,1348.7916666666667,0.0,26.304166666666664,82.625,3.6750000000000003,246.5,0.30000000000000004,976.4125,10,False,13.779166666666667,0
2025-10-19,13.779166666666667,13.9375,1542.4583333333333,0.0,26.133333333333336,80.95833333333333,4.1625000000000005,214.125,7.5,975.5916666666667,10,False,18.8875,0
2025-10-20,18.8875,18.962500000000002,1402.2916666666667,0.0,26.229166666666668,78.25,4.104166666666667,260.7083333333333,0.1,975.8416666666667,10,False,21.308333333333334,0
2025-10-21,21.308333333333334,21.34583333333333,1231.75,0.0,26.554166666666664,74.29166666666667,4.983333333333333,244.5,0.1,976.1958333333333,10,False,15.0375,0
2025-10-22,15.0375,15.045833333333334,714.2083333333334,0.0,25.787499999999998,67.83333333333333,11.079166666666666,276.5,0.0,977.2083333333334,10,False,15.970833333333333,0
2025-10-23,15.970833333333333,16.058333333333334,1165.375,0.0,25.2,69.91666666666667,7.783333333333334,292.5,0.0,977.7666666666668,10,False,20.39166666666667,0
2025-10-24,20.39166666666667,20.55,888.7916666666666,0.0,25.145833333333332,76.375,4.195833333333334,233.70833333333334,0.9,977.8000000000001,10,False,23.27916666666667,0
2025-10-25,23.27916666666667,23.349999999999998,1362.75,0.0,25.445833333333336,74.91666666666667,2.2416666666666667,214.08333333333334,0.2,977.4666666666667,10,False,20.991666666666667,0
2025-10-26,20.991666666666667,21.0125,1445.7083333333333,0.0,25.84166666666667,75.625,3.216666666666667,215.125,0.1,977.5541666666667,10,False,22.541666666666668,0
2025-10-27,22.541666666666668,22.5625,1397.75,0.0,25.804166666666664,73.875,5.0625,295.0,0.0,978.1,10,False,16.45,0
2025-10-28,16.45,16.470833333333335,1274.75,0.0,25.683333333333334,68.58333333333333,6.0375000000000005,333.6666666666667,0.0,977.7958333333332,10,False,16.770833333333332,0
2025-10-29,16.770833333333332,16.791666666666668,1426.6666666666667,0.0,25.958333333333332,70.45833333333333,3.9583333333333335,231.58333333333334,0.0,976.9499999999999,10,False,17.941666666666666,0
2025-10-30,17.941666666666666,17.974999999999998,1197.4583333333333,0.0,26.90416666666667,68.70833333333333,4.970833333333333,282.5,0.0,976.5875,10,False,17.4875,0
2025-10-31,17.4875,17.508333333333333,826.5,0.0,26.6875,73.04166666666667,6.016666666666667,248.375,3.0,976.8166666666666,10,False,10.791666666666666,0
2025-11-01,10.791666666666666,10.816666666666668,621.5416666666666,0.0,24.8125,88.41666666666667,5.4624999999999995,242.0,35.1,976.9499999999999,11,False,10.441666666666666,0
2025-11-02,10.441666666666666,10.483333333333333,556.2083333333334,0.0,24.45,89.70833333333333,5.3,239.5,24.3,976.1833333333334,11,False,14.683333333333332,0
2025-11-03,14.683333333333332,14.75,724.75,0.0,24.2,87.95833333333333,5.241666666666666,218.79166666666666,32.2,975.7624999999999,11,False,13.674999999999999,0
2025-11-04,13.674999999999999,13.679166666666667,1063.8333333333333,0.0,24.662499999999998,84.75,3.4958333333333336,234.625,14.2,976.1458333333334,11,False,20.458333333333332,0
2025-11-05,20.458333333333332,20.4875,1080.3333333333333,0.0,25.05,82.29166666666667,3.7624999999999997,227.29166666666666,2.7,975.1791666666667,11,False,32.266666666666666,0
2025-11-06,32.266666666666666,32.3125,1979.0,0.0,25.22083333333333,84.41666666666667,2.5791666666666666,243.125,1.8,974.9499999999999,11,False,28.349999999999998,0
2025-11-07,28.349999999999998,28.40416666666667,1776.2916666666667,0.0,26.25,79.16666666666667,4.125,314.5833333333333,0.0,973.8416666666667,11,False,19.833333333333332,0
2025-11-08,19.833333333333332,19.883333333333333,1471.375,0.0,24.77916666666667,90.125,2.7708333333333335,227.83333333333334,27.6,974.6916666666666,11,False,10.758333333333333,0
2025-11-09,10.758333333333333,10.770833333333334,1241.9583333333333,0.0,24.183333333333334,91.41666666666667,2.9958333333333336,211.20833333333334,26.4,975.0166666666668,11,False,13.108333333333334,0
2025-11-10,13.108333333333334,13.133333333333333,1426.9166666666667,0.0,24.391666666666666,89.375,3.591666666666667,238.5,11.299999999999999,974.9708333333333,11,False,17.691666666666666,0
2025-11-11,17.691666666666666,17.704166666666666,1552.375,0.0,25.320833333333336,84.33333333333333,2.6916666666666664,176.45833333333334,0.2,974.7708333333334,11,False,29.84583333333333,0
2025-11-12,29.84583333333333,29.883333333333336,1538.4583333333333,0.0,26.120833333333334,78.875,2.8791666666666664,176.5,0.1,976.0375,11,False,28.587500000000002,0
2025-11-13,28.587500000000002,28.6125,1310.5833333333333,0.0,25.820833333333336,79.04166666666667,4.079166666666667,242.54166666666666,0.2,977.8666666666667,11,False,17.129166666666666,0
2025-11-14,17.129166666666666,17.1375,1646.1666666666667,0.0,25.241666666666664,82.95833333333333,3.591666666666667,194.04166666666666,0.8,978.4166666666666,11,False,25.1875,0
2025-11-15,25.1875,25.191666666666666,1797.625,0.0,24.704166666666666,82.125,3.3958333333333335,229.375,7.1,979.75,11,False,19.516666666666666,0
2025-11-16,19.516666666666666,19.6375,1264.2083333333333,0.0,24.545833333333334,72.70833333333333,6.9125000000000005,339.2083333333333,0.1,980.8916666666668,11,False,14.008333333333333,0
2025-11-17,14.008333333333333,14.170833333333334,839.4583333333334,0.0,24.320833333333336,72.08333333333333,8.204166666666667,262.1666666666667,2.8,980.4458333333333,11,False,18.570833333333333,0
2025-11-18,18.570833333333333,18.691666666666666,816.25,0.0,22.645833333333332,86.04166666666667,6.791666666666667,282.625,14.9,980.5291666666667,11,False,10.6875,0
2025-11-19,10.6875,10.700000000000001,828.7916666666666,0.0,21.8875,86.66666666666667,5.8625,287.0416666666667,1.8,981.8291666666668,11,False,12.158333333333333,0
2025-11-20,12.158333333333333,12.1875,982.0,0.0,21.879166666666666,68.875,9.737499999999999,262.75,0.0,982.3666666666667,11,False,13.75,0
2025-11-21,13.75,13.854166666666666,574.7083333333334,0.0,22.337500000000002,64.33333333333333,11.329166666666666,341.8333333333333,0.0,982.6708333333332,11,False,16.166666666666668,0
2025-11-22,16.166666666666668,16.245833333333334,1378.3333333333333,0.0,21.52916666666667,72.45833333333333,4.941666666666667,218.875,0.0,981.0916666666667,11,False,21.2375,0
2025-11-23,21.2375,21.291666666666668,1457.5416666666667,0.0,21.979166666666668,77.66666666666667,4.045833333333333,234.58333333333334,0.0,980.4666666666667,11,False,16.6375,0
2025-11-24,16.6375,16.712500000000002,989.9583333333334,0.0,22.066666666666666,73.875,6.654166666666666,291.375,0.0,980.1166666666667,11,False,10.983333333333334,0
2025-11-25,10.983333333333334,11.041666666666666,551.0833333333334,0.0,21.34583333333333,66.875,10.991666666666667,341.7083333333333,0.0,980.4666666666667,11,False,19.895833333333332,0
2025-11-26,19.895833333333332,20.083333333333332,674.625,0.3333333333333333,20.1125,66.41666666666667,9.095833333333333,339.0,0.0,980.3041666666667,11,False,16.7625,0
2025-11-27,16.7625,17.041666666666668,565.5833333333334,0.375,19.691666666666666,62.541666666666664,10.975,260.125,0.0,981.9666666666667,11,False,12.779166666666667,0
2025-11-28,12.779166666666667,12.945833333333333,698.5,0.0,18.429166666666667,57.666666666666664,10.025,336.7916666666667,0.0,980.4666666666667,11,False,16.933333333333334,0
2025-11-29,16.933333333333334,17.1875,1464.4583333333333,0.0,17.120833333333334,68.66666666666667,2.9458333333333333,236.95833333333334,0.0,978.5166666666668,11,False,24.979166666666668,0
2025-11-30,24.979166666666668,25.15833333333333,1488.4583333333333,0.0,18.329166666666666,71.75,3.3708333333333336,264.9166666666667,0.0,977.8333333333334,11,False,26.370833333333334,0
2025-12-01,26.370833333333334,26.379166666666666,1537.7916666666667,0.0,19.45,72.79166666666667,2.8874999999999997,252.66666666666666,0.0,977.7333333333332,12,False,30.775000000000002,0
2025-12-02,30.775000000000002,30.787499999999998,1558.5833333333333,0.0,20.191666666666666,68.41666666666667,2.404166666666667,270.2916666666667,0.0,977.4,12,False,25.704166666666666,0
2025-12-03,25.704166666666666,25.733333333333334,1555.0833333333333,0.0,21.462500000000002,73.70833333333333,2.8541666666666665,247.70833333333334,0.0,978.9666666666667,12,False,21.0,0
2025-12-04,21.0,21.004166666666666,1355.0833333333333,0.0,21.920833333333334,75.75,3.4416666666666664,263.5416666666667,0.0,979.9708333333333,12,False,23.295833333333334,0
2025-12-05,23.295833333333334,23.308333333333334,1393.5833333333333,0.0,22.683333333333334,74.91666666666667,2.8874999999999997,239.25,0.0,980.5916666666667,12,False,32.03333333333333,0
2025-12-06,32.03333333333333,32.15833333333333,1350.4583333333333,0.0,23.545833333333334,79.66666666666667,3.5708333333333333,242.875,0.7999999999999999,979.75,12,False,37.583333333333336,1
2025-12-07,37.583333333333336,37.77916666666667,1526.0,0.0,24.104166666666668,78.95833333333333,2.495833333333333,229.45833333333334,0.2,979.1125000000001,12,True,28.379166666666666,0
2025-12-08,28.379166666666666,28.620833333333334,1256.6666666666667,0.4583333333333333,23.666666666666668,77.75,4.1875,227.95833333333334,0.9,979.7875,12,False,29.5,0
2025-12-09,29.5,30.09166666666667,1677.3333333333333,1.0833333333333333,22.7625,76.54166666666667,3.154166666666667,219.04166666666666,0.6,979.975,12,False,25.09166666666667,0
2025-12-10,25.09166666666667,25.40416666666667,1455.0833333333333,0.625,21.820833333333336,73.16666666666667,2.8625000000000003,218.58333333333334,0.0,979.9958333333334,12,False,25.358333333333334,0
2025-12-11,25.358333333333334,25.650000000000002,1245.9166666666667,0.5416666666666666,21.308333333333334,71.5,4.120833333333334,226.83333333333334,0.0,979.4958333333334,12,False,28.575,0
2025-12-12,28.575,28.816666666666666,1374.8333333333333,0.0,22.945833333333336,77.25,2.7291666666666665,168.54166666666666,1.1,978.9416666666666,12,False,28.004166666666666,0
2025-12-13,28.004166666666666,28.175,1345.9166666666667,0.0,22.433333333333334,81.375,3.875,247.54166666666666,0.0,979.4250000000001,12,False,20.25,0
2025-12-14,20.25,20.354166666666668,1281.2916666666667,0.0,22.395833333333332,81.875,4.191666666666667,246.29166666666666,0.6,980.1791666666667,12,False,20.966666666666665,0
2025-12-15,20.966666666666665,21.025,1366.5833333333333,0.0,22.775000000000002,80.66666666666667,2.6750000000000003,242.83333333333334,0.0,979.8166666666666,12,False,22.40833333333333,0
2025-12-16,22.40833333333333,22.47083333333333,1468.0833333333333,0.0,22.870833333333334,76.75,3.295833333333334,222.375,0.0,978.7416666666667,12,False,19.770833333333332,0
2025-12-17,19.770833333333332,19.845833333333335,1111.0833333333333,0.0,22.958333333333332,76.75,4.875,273.2083333333333,6.9,979.4791666666666,12,False,19.325,0
2025-12-18,19.325,19.849999999999998,1109.2083333333333,0.7083333333333334,22.116666666666664,79.08333333333333,4.745833333333333,248.95833333333334,2.2,979.7458333333334,12,False,27.358333333333334,0
2025-12-19,27.358333333333334,28.204166666666666,1116.0833333333333,1.2916666666666667,22.34583333333333,76.33333333333333,3.8708333333333336,249.95833333333334,0.5,978.1083333333332,12,False,28.645833333333332,0
2025-12-20,28.645833333333332,29.183333333333334,1181.875,0.7916666666666666,21.808333333333334,72.375,3.391666666666667,243.45833333333334,0.0,977.3083333333334,12,False,20.4375,0
2025-12-21,20.4375,20.858333333333334,1145.25,0.5833333333333334,21.775000000000002,70.16666666666667,3.904166666666667,291.5416666666667,0.0,979.1083333333332,12,False,19.416666666666668,0
2025-12-22,19.416666666666668,19.858333333333334,1202.2083333333333,1.0,21.3875,71.95833333333333,3.4625,231.20833333333334,0.0,978.3166666666666,12,False,19.745833333333334,0
2025-12-23,19.745833333333334,19.983333333333334,1133.5833333333333,0.2916666666666667,22.2,71.04166666666667,3.3000000000000003,251.79166666666666,0.0,976.775,12,False,23.420833333333334,0
2025-12-24,23.420833333333334,23.795833333333334,1128.0,0.375,22.97083333333333,67.95833333333333,3.683333333333333,243.625,0.0,976.3666666666667,12,False,28.075,0
2025-12-25,28.075,28.758333333333336,1184.4166666666667,1.2916666666666667,22.679166666666664,67.33333333333333,4.191666666666667,240.83333333333334,0.0,977.5500000000001,12,False,21.733333333333334,0
2025-12-26,21.733333333333334,22.258333333333336,1123.5,0.9166666666666666,22.325,67.83333333333333,3.8541666666666665,248.75,0.0,977.8375,12,False,21.724999999999998,0
2025-12-27,21.724999999999998,22.075,1456.625,0.625,21.958333333333332,70.29166666666667,3.3249999999999997,224.95833333333334,0.2,978.375,12,False,23.979166666666668,0
2025-12-28,23.979166666666668,24.11666666666667,1225.5416666666667,0.0,21.866666666666664,70.08333333333333,3.475,223.41666666666666,0.0,978.9041666666667,12,False,27.1125,0
2025-12-29,27.1125,27.295833333333334,1441.75,0.0,21.829166666666666,70.5,3.1666666666666665,229.875,0.0,977.725,12,False,26.0625,0
2025-12-30,26.0625,26.441666666666666,1361.5416666666667,0.0,21.025000000000002,69.75,3.2875,255.0,0.0,976.6208333333334,12,False,31.370833333333334,0
2025-12-31,31.370833333333334,31.5,1257.7916666666667,0.0,21.3625,70.91666666666667,3.1666666666666665,251.66666666666666,0.0,975.0625,12,False,31.066666666666666,0
2026-01-01,31.066666666666666,31.116666666666664,1373.5,0.0,21.366666666666664,73.54166666666667,3.045833333333333,242.54166666666666,0.0,976.5333333333333,1,False,33.2125,0
2026-01-02,33.2125,33.3375,1170.7083333333333,0.0,21.2,71.04166666666667,3.5625,253.0,0.0,979.0291666666667,1,False,23.495833333333334,0
2026-01-03,23.495833333333334,23.645833333333332,1515.25,0.0,21.158333333333335,73.16666666666667,4.116666666666666,239.91666666666666,0.30000000000000004,980.2541666666666,1,False,24.479166666666668,0
2026-01-04,24.479166666666668,24.65833333333333,1856.9583333333333,0.0,20.875,74.5,3.579166666666667,236.29166666666666,0.0,980.0416666666666,1,False,27.191666666666666,0
2026-01-05,27.191666666666666,27.366666666666664,1611.75,0.0,21.104166666666668,71.25,2.4,237.04166666666666,0.0,980.3208333333333,1,False,24.8125,0
2026-01-06,24.8125,24.95,1548.0416666666667,0.0,20.520833333333332,69.83333333333333,2.9250000000000003,288.2916666666667,0.0,980.9166666666666,1,False,24.516666666666666,0
2026-01-07,24.516666666666666,24.733333333333334,1190.9583333333333,0.0,20.016666666666666,72.75,3.7583333333333333,243.58333333333334,0.0,982.0458333333332,1,False,16.204166666666666,0
2026-01-08,16.204166666666666,16.25,1217.8333333333333,0.0,19.675,70.08333333333333,2.5416666666666665,232.45833333333334,0.0,983.1291666666666,1,False,21.375,0
2026-01-09,21.375,21.391666666666666,1407.2083333333333,0.0,18.991666666666667,68.16666666666667,2.8874999999999997,226.20833333333334,0.0,982.2916666666666,1,False,22.775000000000002,0
2026-01-10,22.775000000000002,22.820833333333336,1534.5833333333333,0.0,18.912499999999998,66.375,2.983333333333333,242.54166666666666,0.0,980.8166666666666,1,False,28.929166666666664,0
2026-01-11,28.929166666666664,29.02916666666667,1387.2083333333333,0.0,19.141666666666666,67.16666666666667,4.1499999999999995,263.9583333333333,0.0,982.5583333333334,1,False,29.3125,0
2026-01-12,29.3125,29.441666666666666,1666.25,0.0,19.2,67.79166666666667,2.6750000000000003,228.16666666666666,0.0,982.0,1,False,33.24166666666667,0
2026-01-13,33.24166666666667,33.34583333333333,1577.875,0.0,20.133333333333333,72.16666666666667,3.204166666666667,235.91666666666666,0.0,980.4125,1,False,32.3125,0
2026-01-14,32.3125,32.37916666666667,1809.2916666666667,0.0,20.962500000000002,69.5,2.75,230.41666666666666,0.0,978.1666666666666,1,False,31.116666666666664,0
2026-01-15,31.116666666666664,31.27916666666667,1595.5833333333333,0.0,21.6125,69.41666666666667,1.8708333333333333,228.375,0.0,977.6791666666667,1,False,34.479166666666664,0
2026-01-16,34.479166666666664,34.75416666666667,1496.625,0.125,21.429166666666664,76.375,3.75,245.16666666666666,0.0,976.3541666666666,1,False,29.270833333333332,0
2026-01-17,29.270833333333332,29.90416666666667,1314.9166666666667,1.0416666666666667,21.566666666666666,73.0,3.1291666666666664,233.125,0.0,975.3416666666667,1,False,26.379166666666666,0
2026-01-18,26.379166666666666,27.229166666666668,1375.1666666666667,1.2916666666666667,21.325,63.0,2.9,243.08333333333334,0.0,975.1833333333334,1,False,21.325,0
2026-01-19,21.325,21.854166666666668,1361.75,0.125,21.099999999999998,66.83333333333333,3.029166666666667,261.0416666666667,0.0,975.8375,1,False,21.070833333333333,0
2026-01-20,21.070833333333333,21.6375,1416.4583333333333,0.0,21.370833333333334,65.20833333333333,2.4125,275.4166666666667,0.0,976.7875,1,False,24.316666666666666,0
2026-01-21,24.316666666666666,24.641666666666666,1320.5416666666667,0.0,21.270833333333332,60.416666666666664,3.275,254.16666666666666,0.0,978.1666666666666,1,False,29.604166666666668,0
2026-01-22,29.604166666666668,29.78333333333333,1289.0,0.0,21.983333333333334,66.125,3.720833333333333,237.08333333333334,0.0,979.6374999999999,1,False,30.25,0
2026-01-23,30.25,30.4875,1578.0833333333333,0.0,21.90833333333333,71.25,3.095833333333333,250.0,0.1,981.6291666666666,1,False,33.987500000000004,0
2026-01-24,33.987500000000004,34.237500000000004,1439.4583333333333,0.0,21.283333333333335,70.33333333333333,3.9250000000000003,241.70833333333334,0.0,981.1708333333332,1,False,28.025000000000002,0
2026-01-25,28.025000000000002,28.25,1492.25,0.0,21.3875,66.625,2.891666666666667,227.79166666666666,0.0,979.6750000000001,1,False,33.1,0
2026-01-26,33.1,33.354166666666664,1472.8333333333333,0.0,21.454166666666666,60.333333333333336,3.2375000000000003,234.875,0.0,980.1875,1,False,32.0625,0
2026-01-27,32.0625,32.266666666666666,1390.125,0.125,21.52916666666667,62.416666666666664,3.4125,247.83333333333334,0.0,980.9166666666666,1,False,35.766666666666666,0
2026-01-28,35.766666666666666,36.666666666666664,1327.4583333333333,1.4583333333333333,21.875,61.375,3.483333333333333,220.45833333333334,0.0,980.3000000000001,1,False,32.19166666666667,0
2026-01-29,32.19166666666667,33.05416666666667,1402.875,1.4166666666666667,22.162499999999998,64.66666666666667,3.65,233.625,0.0,979.3041666666667,1,False,32.92916666666667,0
2026-01-30,32.92916666666667,34.19583333333333,1497.125,2.125,22.3875,62.208333333333336,2.9333333333333336,201.70833333333334,0.0,979.8333333333334,1,False,36.545833333333334,0
2026-01-31,36.545833333333334,37.833333333333336,1406.3333333333333,2.25,22.541666666666668,63.625,3.65,230.0,0.0,980.3458333333333,1,False,36.19166666666667,0
2026-02-01,36.19166666666667,37.42916666666667,1506.5833333333333,2.0,22.9875,61.041666666666664,3.0083333333333333,230.41666666666666,0.0,980.5833333333334,2,False,36.71666666666667,0
2026-02-02,36.71666666666667,37.829166666666666,1597.2916666666667,1.75,22.995833333333334,64.41666666666667,3.1291666666666664,231.29166666666666,0.0,981.0416666666666,2,False,30.8125,0
2026-02-03,30.8125,31.433333333333334,1562.5833333333333,1.0,22.633333333333336,62.958333333333336,2.85,238.29166666666666,0.0,982.0291666666667,2,False,29.150000000000002,0
2026-02-04,29.150000000000002,29.633333333333336,1561.5833333333333,0.7916666666666666,22.825,60.541666666666664,2.5791666666666666,248.375,0.0,980.5416666666666,2,False,30.616666666666664,0
2026-02-05,30.616666666666664,30.983333333333334,1449.0416666666667,0.5,23.09166666666667,61.0,3.204166666666667,251.95833333333334,0.0,978.7166666666667,2,False,33.541666666666664,0
2026-02-06,33.541666666666664,34.00833333333333,1489.7083333333333,1.0,23.508333333333336,63.75,2.670833333333333,250.5,0.0,977.375,2,False,31.0125,0
2026-02-07,31.0125,31.370833333333334,1274.2083333333333,0.7916666666666666,23.912499999999998,61.5,2.8833333333333333,251.29166666666666,0.0,976.5166666666668,2,False,31.083333333333332,0
2026-02-08,31.083333333333332,31.47083333333333,1233.0833333333333,0.0,24.254166666666666,62.916666666666664,5.291666666666667,246.79166666666666,0.0,977.2333333333332,2,False,32.5625,0
2026-02-09,32.5625,32.84166666666667,974.6666666666666,0.0,23.5125,76.79166666666667,5.508333333333333,201.79166666666666,3.0,978.3958333333334,2,False,31.1875,0
2026-02-10,31.1875,31.59166666666667,1272.0416666666667,0.0,24.383333333333336,71.83333333333333,3.0208333333333335,198.58333333333334,0.0,978.7333333333332,2,False,38.69166666666667,1
2026-02-11,38.69166666666667,39.27916666666667,1290.9583333333333,0.7083333333333334,25.15416666666667,65.58333333333333,3.2583333333333333,245.5,0.1,979.5708333333333,2,True,29.879166666666666,0
2026-02-12,29.879166666666666,30.433333333333334,1299.6666666666667,0.5,25.462500000000002,60.208333333333336,4.9375,233.83333333333334,0.0,978.0583333333334,2,False,23.675,0
2026-02-13,23.675,24.145833333333332,1322.0416666666667,0.0,24.575,55.916666666666664,3.8541666666666665,229.66666666666666,0.0,976.7041666666668,2,False,24.504166666666666,0
2026-02-14,24.504166666666666,24.90416666666667,1317.9583333333333,0.0,24.354166666666668,54.416666666666664,3.266666666666667,220.91666666666666,0.0,976.4666666666667,2,False,30.0625,0
2026-02-15,30.0625,30.429166666666664,1289.8333333333333,0.0,24.691666666666666,56.583333333333336,3.6,217.95833333333334,0.0,975.9666666666667,2,False,34.225,0
2026-02-16,34.225,34.949999999999996,1248.8333333333333,0.6666666666666666,24.900000000000002,59.0,3.3708333333333336,248.54166666666666,0.0,975.6666666666666,2,False,32.041666666666664,0
2026-02-17,32.041666666666664,32.56666666666667,1346.8333333333333,0.7083333333333334,25.191666666666666,59.916666666666664,3.7375000000000003,258.625,0.0,976.0416666666666,2,False,45.07083333333333,1
2026-02-18,45.07083333333333,45.68333333333334,1346.375,0.0,25.666666666666668,66.16666666666667,3.858333333333333,250.25,0.0,977.875,2,True,40.1,1
2026-02-19,40.1,40.775,1311.875,0.0,25.416666666666668,72.41666666666667,4.6125,229.0,0.7,979.8291666666668,2,True,23.491666666666664,0
2026-02-20,23.491666666666664,23.758333333333336,1415.5833333333333,0.0,25.804166666666664,70.375,4.991666666666666,201.58333333333334,0.2,979.7166666666667,2,False,32.59166666666667,0
2026-02-21,32.59166666666667,32.916666666666664,1463.4166666666667,0.125,25.170833333333334,77.875,3.3541666666666665,249.95833333333334,0.0,975.3333333333334,2,False,48.09166666666667,1
2026-02-22,48.09166666666667,48.574999999999996,1823.0833333333333,0.4166666666666667,23.9375,78.375,3.420833333333333,273.7083333333333,0.0,973.6333333333333,2,True,38.80833333333333,1
2026-02-23,38.80833333333333,39.25,1960.375,0.20833333333333334,24.474999999999998,80.16666666666667,2.795833333333333,227.41666666666666,0.2,973.5875,2,True,35.59583333333333,0
2026-02-24,35.59583333333333,36.391666666666666,1336.375,0.75,24.741666666666664,71.83333333333333,5.5249999999999995,293.2083333333333,0.0,975.0583333333334,2,False,26.020833333333332,0
2026-02-25,26.020833333333332,26.445833333333336,569.0416666666666,0.125,23.150000000000002,64.125,13.1,338.3333333333333,0.0,976.6583333333333,2,False,17.662499999999998,0
2026-02-26,17.662499999999998,17.912499999999998,1233.875,0.0,23.587500000000002,69.41666666666667,4.608333333333333,245.41666666666666,0.0,974.1208333333334,2,False,23.445833333333336,0
2026-02-27,23.445833333333336,23.933333333333334,1372.0833333333333,0.5,25.133333333333336,66.70833333333333,3.5583333333333336,262.9166666666667,0.30000000000000004,971.6125000000001,2,False,30.570833333333336,0
2026-02-28,30.570833333333336,31.09166666666667,1059.2083333333333,0.625,25.90416666666667,57.375,5.608333333333333,242.66666666666666,0.0,971.15,2,False,36.829166666666666,0
2026-03-01,36.829166666666666,37.358333333333334,1132.5833333333333,0.7916666666666666,25.020833333333332,55.958333333333336,5.445833333333333,244.125,0.0,972.3208333333333,3,False,31.241666666666664,0
2026-03-02,31.241666666666664,31.349999999999998,1168.5,0.16666666666666666,24.4375,53.5,2.9250000000000003,257.7916666666667,0.0,974.0083333333333,3,False,40.65416666666667,1
2026-03-03,40.65416666666667,43.36666666666667,1330.3333333333333,5.333333333333333,24.758333333333336,52.333333333333336,2.9916666666666667,260.875,0.0,974.5708333333333,3,True,65.91666666666667,1
2026-03-04,65.91666666666667,71.54166666666667,1482.2916666666667,11.5,25.075,53.166666666666664,3.404166666666667,247.25,0.0,974.3333333333334,3,True,57.6,1
2026-03-05,57.6,61.145833333333336,1293.875,6.666666666666667,25.808333333333334,55.75,3.720833333333333,238.33333333333334,0.0,973.7166666666667,3,True,43.12916666666666,1
2026-03-06,43.12916666666666,44.65,1403.0,2.5,25.287499999999998,63.125,5.104166666666667,234.75,0.3,976.25,3,True,39.083333333333336,1
2026-03-07,39.083333333333336,40.15,1559.125,1.5833333333333333,26.183333333333334,64.41666666666667,3.6999999999999997,217.91666666666666,0.1,977.1916666666666,3,True,39.670833333333334,1
2026-03-08,39.670833333333334,42.233333333333334,1629.9583333333333,4.875,27.229166666666668,57.041666666666664,3.0,225.16666666666666,0.0,976.8583333333332,3,True,41.454166666666666,1
2026-03-09,41.454166666666666,44.34166666666667,1546.875,5.583333333333333,27.224999999999998,58.5,3.1374999999999997,192.04166666666666,0.1,978.0041666666666,3,True,40.041666666666664,1
2026-03-10,40.041666666666664,42.5,1375.875,4.541666666666667,24.883333333333336,70.83333333333333,5.329166666666667,225.20833333333334,10.9,980.1,3,True,34.204166666666666,0
2026-03-11,34.204166666666666,35.80416666666667,1484.25,3.0416666666666665,22.620833333333334,78.75,5.341666666666666,257.2916666666667,3.7,979.3249999999999,3,False,39.975,1
2026-03-12,39.975,42.34583333333333,1866.75,4.583333333333333,23.412499999999998,71.125,4.0249999999999995,268.25,0.1,977.2666666666668,3,True,33.454166666666666,0
2026-03-13,33.454166666666666,34.75,1642.625,2.4166666666666665,23.016666666666666,74.54166666666667,4.116666666666666,215.375,0.9,978.9,3,False,33.30833333333333,0
2026-03-14,33.30833333333333,34.608333333333334,1827.25,2.5416666666666665,23.3,75.75,3.3625000000000003,211.29166666666666,0.4,979.9541666666668,3,False,42.574999999999996,1
2026-03-15,42.574999999999996,44.887499999999996,1518.5416666666667,4.5,24.516666666666666,68.70833333333333,3.3541666666666665,181.70833333333334,0.6,979.4791666666666,3,True,43.11666666666667,1
2026-03-16,43.11666666666667,46.07083333333333,1454.75,5.541666666666667,24.445833333333336,71.70833333333333,3.3833333333333333,250.0,2.1,977.4125,3,True,46.32083333333333,1
2026-03-17,46.32083333333333,50.07916666666667,1746.2083333333333,7.333333333333333,24.425,71.91666666666667,4.158333333333333,250.33333333333334,0.1,976.3416666666667,3,True,33.42916666666667,0
2026-03-18,33.42916666666667,35.0875,1727.0833333333333,3.0833333333333335,25.6875,58.0,2.4125,239.04166666666666,0.0,976.4333333333334,3,False,32.5375,0
2026-03-19,32.5375,34.5125,1418.2916666666667,3.625,25.883333333333336,52.416666666666664,3.4499999999999997,252.08333333333334,0.0,975.7458333333334,3,False,30.037499999999998,0
2026-03-20,30.037499999999998,31.9375,1421.0,3.25,26.541666666666668,48.708333333333336,2.3958333333333335,248.625,0.0,975.2333333333332,3,False,38.141666666666666,1
2026-03-21,38.141666666666666,40.03333333333333,1099.9166666666667,3.25,26.925,50.458333333333336,4.541666666666667,241.125,0.0,975.6041666666666,3,True,29.587500000000002,0
2026-03-22,29.587500000000002,31.962500000000002,1230.4583333333333,4.166666666666667,27.7375,53.708333333333336,7.5625,212.08333333333334,0.0,974.8458333333333,3,False,23.491666666666664,0
2026-03-23,23.491666666666664,27.508333333333336,948.0416666666666,7.208333333333333,27.099999999999998,48.375,6.220833333333334,258.375,0.0,974.8249999999999,3,False,30.1875,0
2026-03-24,30.1875,34.637499999999996,1198.125,8.125,26.400000000000002,44.291666666666664,3.9958333333333336,230.29166666666666,0.0,973.8583333333332,3,False,35.44583333333333,0
2026-03-25,35.44583333333333,41.52916666666667,1034.875,11.375,26.566666666666666,46.166666666666664,5.354166666666667,248.70833333333334,0.0,974.2458333333334,3,False,44.46666666666667,1
2026-03-26,44.46666666666667,50.4125,1412.0,10.458333333333334,26.491666666666664,46.666666666666664,3.9291666666666667,232.75,0.0,974.4125,3,True,37.949999999999996,1
2026-03-27,37.949999999999996,41.65416666666666,1096.625,6.0,27.270833333333332,45.333333333333336,6.154166666666666,253.91666666666666,0.0,973.2083333333334,3,True,41.19166666666667,1
2026-03-28,41.19166666666667,43.37916666666666,1162.25,3.3333333333333335,27.641666666666666,46.125,5.879166666666666,239.41666666666666,0.0,972.6166666666667,3,True,53.425000000000004,1
2026-03-29,53.425000000000004,55.24166666666667,953.0,2.9583333333333335,28.383333333333336,44.458333333333336,6.366666666666667,252.83333333333334,0.0,973.0541666666667,3,True,59.362500000000004,1
2026-03-30,59.362500000000004,66.98333333333333,1101.0,15.166666666666666,28.47083333333333,42.916666666666664,5.470833333333334,250.33333333333334,0.0,973.1875,3,True,62.37083333333334,1
2026-03-31,62.37083333333334,75.02499999999999,1310.7916666666667,25.666666666666668,28.745833333333334,46.0,4.654166666666667,232.70833333333334,0.0,973.6666666666666,3,True,77.44583333333334,1
2026-04-01,77.44583333333334,98.74583333333334,1273.4583333333333,43.625,29.275000000000002,44.5,3.7375000000000003,238.91666666666666,0.1,973.875,4,True,84.41250000000001,1
2026-04-02,84.41250000000001,104.47916666666667,1214.4166666666667,40.416666666666664,29.570833333333336,44.833333333333336,4.4624999999999995,236.20833333333334,0.0,973.8958333333334,4,True,76.77499999999999,1
2026-04-03,76.77499999999999,90.89166666666667,1108.2916666666667,28.625,29.7375,44.708333333333336,3.4250000000000003,237.66666666666666,0.0,972.9499999999999,4,True,66.05833333333334,1
2026-04-04,66.05833333333334,77.5375,1372.2083333333333,23.041666666666668,29.833333333333332,49.0,4.1125,199.95833333333334,0.0,971.6666666666666,4,True,85.20416666666667,1
2026-04-05,85.20416666666667,101.9375,1297.75,33.625,30.72083333333333,48.541666666666664,4.629166666666666,206.375,0.1,970.7875,4,True,62.71666666666667,1
2026-04-06,62.71666666666667,73.0125,1306.5416666666667,20.416666666666668,30.458333333333332,50.958333333333336,4.304166666666666,229.29166666666666,0.0,972.2583333333333,4,True,62.78333333333333,1
2026-04-07,62.78333333333333,69.46249999999999,1096.4166666666667,12.875,30.53333333333333,53.458333333333336,5.741666666666667,240.54166666666666,0.0,973.0291666666667,4,True,49.78333333333333,1
2026-04-08,49.78333333333333,53.041666666666664,1243.6666666666667,6.166666666666667,29.741666666666664,50.458333333333336,6.375,242.45833333333334,0.0,973.525,4,True,35.612500000000004,0
2026-04-09,35.612500000000004,37.262499999999996,1169.2916666666667,2.6666666666666665,29.28333333333333,47.75,4.9375,224.20833333333334,0.1,974.3083333333334,4,False,35.59583333333333,0
2026-04-10,35.59583333333333,39.31666666666667,996.6666666666666,6.041666666666667,29.566666666666666,47.333333333333336,4.966666666666667,244.70833333333334,0.0,973.9875000000001,4,False,54.84583333333333,1
2026-04-11,54.84583333333333,62.11666666666667,1157.5,13.458333333333334,29.75,47.166666666666664,4.683333333333334,227.95833333333334,0.0,972.8333333333334,4,True,60.525,1
2026-04-12,60.525,73.4375,1151.5833333333333,26.041666666666668,28.8625,44.625,3.125,202.75,0.0,971.9666666666667,4,True,63.0,1
2026-04-13,63.0,79.82083333333334,1234.625,34.208333333333336,29.925,47.166666666666664,4.3999999999999995,240.875,0.0,972.9458333333333,4,True,51.68333333333334,1
2026-04-14,51.68333333333334,63.449999999999996,1151.75,23.458333333333332,30.304166666666664,47.416666666666664,3.141666666666667,220.16666666666666,0.0,973.2416666666667,4,True,45.80833333333334,1
2026-04-15,45.80833333333334,57.112500000000004,916.0833333333334,22.666666666666668,30.587500000000002,41.958333333333336,5.6000000000000005,202.70833333333334,0.0,972.0541666666667,4,True,64.17916666666666,1
2026-04-16,64.17916666666666,76.35416666666667,1152.9583333333333,24.041666666666668,30.620833333333334,43.666666666666664,2.9958333333333336,211.16666666666666,0.0,972.4916666666667,4,True,116.69583333333333,1
2026-04-17,116.69583333333333,140.35833333333332,1335.0,46.875,30.75,46.583333333333336,4.808333333333334,243.66666666666666,0.0,973.2583333333333,4,True,89.65416666666665,1
2026-04-18,89.65416666666665,118.22916666666667,1559.4166666666667,57.75,31.0,47.916666666666664,5.9624999999999995,248.66666666666666,0.0,972.775,4,True,60.175000000000004,1
2026-04-19,60.175000000000004,73.68333333333334,962.2083333333334,27.0,30.729166666666668,44.458333333333336,6.325,237.875,0.0,972.2083333333334,4,True,49.574999999999996,1
2026-04-20,49.574999999999996,57.32083333333333,1012.2916666666666,15.25,30.508333333333336,45.333333333333336,4.0125,226.91666666666666,0.0,972.2166666666667,4,True,51.175000000000004,1
2026-04-21,51.175000000000004,61.1625,984.6666666666666,19.875,30.662499999999998,48.583333333333336,6.020833333333333,228.0,0.0,971.6916666666666,4,True,61.02916666666667,1
2026-04-22,61.02916666666667,76.5125,1084.625,31.416666666666668,31.84166666666667,47.708333333333336,4.570833333333334,224.20833333333334,0.0,971.1,4,True,64.71249999999999,1
2026-04-23,64.71249999999999,81.4375,1059.0416666666667,32.5,30.883333333333336,54.791666666666664,3.420833333333333,241.79166666666666,0.2,971.0166666666668,4,True,55.574999999999996,1
2026-04-24,55.574999999999996,76.91250000000001,1207.0416666666667,42.125,30.90833333333333,55.958333333333336,3.408333333333333,229.25,0.0,972.2125,4,True,43.47083333333333,1
2026-04-25,43.47083333333333,48.71666666666667,1075.7083333333333,10.166666666666666,27.445833333333336,70.25,5.604166666666667,202.08333333333334,6.3999999999999995,975.9041666666667,4,True,30.420833333333334,0
2026-04-26,30.420833333333334,34.24166666666667,1419.125,6.958333333333333,27.224999999999998,73.91666666666667,3.525,213.54166666666666,0.5,974.9958333333334,4,False,41.5625,1
2026-04-27,41.5625,50.9125,1104.2916666666667,18.041666666666668,27.9375,65.375,5.5874999999999995,199.54166666666666,0.8,972.9833333333332,4,True,48.40416666666667,1
2026-04-28,48.40416666666667,63.62083333333334,1246.625,30.166666666666668,28.087500000000002,63.0,6.033333333333334,254.70833333333334,0.6,972.9250000000001,4,True,38.71666666666667,1
2026-04-29,38.71666666666667,52.72083333333333,1143.7916666666667,26.958333333333332,27.15416666666667,67.75,4.491666666666666,248.41666666666666,3.2,974.3583333333332,4,True,44.12083333333334,1
2026-04-30,44.12083333333334,58.675000000000004,1057.5833333333333,28.291666666666668,28.087500000000002,64.875,6.1499999999999995,232.20833333333334,0.2,975.4,4,True,27.516666666666666,0
2026-05-01,27.516666666666666,31.52916666666667,1062.7916666666667,7.416666666666667,28.645833333333332,60.041666666666664,7.154166666666666,203.25,0.1,974.3333333333334,5,False,17.383333333333333,0
2026-05-02,17.383333333333333,21.2,646.0416666666666,7.416666666666667,30.070833333333336,51.458333333333336,7.470833333333334,225.58333333333334,0.0,973.0625,5,False,23.695833333333336,0
2026-05-03,23.695833333333336,31.920833333333334,977.0,15.375,30.008333333333336,53.625,4.958333333333333,247.91666666666666,0.4,973.7333333333332,5,False,30.554166666666664,0
2026-05-04,30.554166666666664,40.125,1031.375,18.583333333333332,31.079166666666666,49.458333333333336,3.4375,243.91666666666666,0.0,974.6666666666666,5,False,32.59583333333333,0
2026-05-05,32.59583333333333,36.637499999999996,650.5416666666666,7.625,29.070833333333336,60.0,6.620833333333334,195.70833333333334,16.6,975.8249999999999,5,False,25.329166666666666,0
2026-05-06,25.329166666666666,27.354166666666668,891.6666666666666,3.4583333333333335,28.870833333333334,65.04166666666667,4.720833333333333,192.25,13.1,974.1125000000001,5,False,27.412499999999998,0
2026-05-07,27.412499999999998,28.5625,832.125,1.5833333333333333,30.233333333333334,58.875,3.829166666666667,232.66666666666666,1.4,973.6708333333332,5,False,22.2,0
2026-05-08,22.2,22.712500000000002,614.625,0.6666666666666666,28.383333333333336,65.91666666666667,4.695833333333334,245.54166666666666,0.5,975.1374999999999,5,False,21.9875,0
2026-05-09,21.9875,22.129166666666666,896.5,0.0,26.95,77.20833333333333,3.1750000000000003,206.25,6.2,975.9333333333334,5,False,13.729166666666666,0
2026-05-10,13.729166666666666,13.766666666666666,1062.5,0.0,27.0125,77.83333333333333,3.220833333333333,227.54166666666666,6.2,975.6208333333334,5,False,12.179166666666667,0
2026-05-11,12.179166666666667,12.216666666666667,1235.4583333333333,0.0,26.287499999999998,81.625,5.508333333333333,221.83333333333334,15.7,975.6,5,False,18.116666666666667,0
2026-05-12,18.116666666666667,18.241666666666667,1351.8333333333333,0.0,25.6125,86.29166666666667,4.066666666666666,232.54166666666666,12.2,974.3583333333332,5,False,17.658333333333335,0
2026-05-13,17.658333333333335,17.775000000000002,1480.6666666666667,0.0,25.991666666666664,86.54166666666667,3.8375,189.75,15.1,972.5749999999999,5,False,18.691666666666666,0
2026-05-14,18.691666666666666,18.841666666666665,1342.7083333333333,0.0,26.625,86.5,3.516666666666667,166.79166666666666,7.8,971.5124999999999,5,False,13.141666666666666,0
2026-05-15,13.141666666666666,13.6,1442.2083333333333,0.0,26.416666666666668,86.375,4.625,179.20833333333334,24.7,971.625,5,False,10.154166666666667,0
2026-05-16,10.154166666666667,10.616666666666667,1012.2916666666666,0.20833333333333334,28.25,76.29166666666667,6.575,202.625,15.1,970.7833333333333,5,False,17.1375,0
2026-05-17,17.1375,17.6875,802.5,0.6666666666666666,29.575,68.45833333333333,3.9125,154.125,0.30000000000000004,969.8000000000001,5,False,17.754166666666666,0
2026-05-18,17.754166666666666,18.6375,696.25,1.375,28.99166666666667,73.25,5.279166666666667,226.625,11.4,969.7041666666668,5,False,17.579166666666666,0
2026-05-19,17.579166666666666,20.35,883.9583333333334,4.916666666666667,28.8625,70.75,5.154166666666667,185.75,12.299999999999999,969.2166666666667,5,False,18.099999999999998,0
2026-05-20,18.099999999999998,22.679166666666664,973.1666666666666,8.916666666666666,28.087500000000002,77.16666666666667,5.183333333333334,220.75,23.599999999999998,968.9291666666667,5,False,18.458333333333332,0
2026-05-21,18.458333333333332,23.4375,816.7083333333334,9.541666666666666,28.287499999999998,75.75,5.258333333333334,197.83333333333334,6.0,971.2041666666668,5,False,13.700000000000001,0
2026-05-22,13.700000000000001,17.379166666666666,899.7916666666666,6.958333333333333,27.983333333333334,78.20833333333333,5.375,193.16666666666666,9.6,973.6625,5,False,10.049999999999999,0
2026-05-23,10.049999999999999,11.566666666666668,775.875,2.5416666666666665,27.695833333333336,82.875,5.229166666666667,187.16666666666666,10.4,974.2708333333334,5,False,14.158333333333333,0
2026-05-24,14.158333333333333,15.470833333333333,772.75,1.375,27.870833333333334,80.66666666666667,5.1125,216.08333333333334,7.3,974.5791666666668,5,False,16.208333333333332,0
2026-05-25,16.208333333333332,18.183333333333334,733.5416666666666,2.0416666666666665,28.025000000000002,79.16666666666667,4.479166666666667,195.375,12.1,973.9166666666666,5,False,24.645833333333332,0
2026-05-26,24.645833333333332,26.133333333333336,1202.5833333333333,1.9166666666666667,27.21666666666667,83.20833333333333,3.6041666666666665,155.08333333333334,8.6,973.5291666666667,5,False,23.333333333333332,0
2026-05-27,23.333333333333332,32.25416666666667,807.4583333333334,16.375,28.129166666666666,74.45833333333333,4.745833333333334,164.20833333333334,4.6,973.3833333333333,5,False,12.612499999999999,0
2026-05-28,12.612499999999999,16.912499999999998,776.4166666666666,8.166666666666666,27.683333333333334,80.04166666666667,3.733333333333333,175.04166666666666,9.5,974.025,5,False,17.6875,0
2026-05-29,17.6875,18.283333333333335,932.9583333333334,0.9166666666666666,27.400000000000002,80.0,3.0625,173.58333333333334,0.7,974.0916666666667,5,False,12.012500000000001,0
2026-05-30,12.012500000000001,13.570833333333333,587.125,2.5833333333333335,27.308333333333334,79.45833333333333,4.325,201.70833333333334,17.1,974.3458333333333,5,False,12.4375,0
2026-05-31,12.4375,14.608333333333334,592.7083333333334,4.208333333333333,27.34166666666667,81.83333333333333,4.3125,165.75,13.6,974.5458333333332,5,False,13.758333333333333,0
2026-06-01,13.758333333333333,15.25,798.9166666666666,2.75,28.400000000000002,80.08333333333333,3.966666666666667,232.95833333333334,2.0,974.025,6,False,18.633333333333333,0
2026-06-02,18.633333333333333,19.75,1044.8333333333333,1.5416666666666667,29.21666666666667,74.08333333333333,5.008333333333334,233.125,0.5,972.0875,6,False,14.804166666666667,0
2026-06-03,14.804166666666667,15.283333333333333,1143.4583333333333,0.375,29.599999999999998,71.375,3.391666666666667,196.45833333333334,0.4,970.0375,6,False,13.9375,0
2026-06-04,13.9375,14.345833333333333,896.0416666666666,0.375,29.020833333333332,74.83333333333333,4.029166666666667,151.45833333333334,6.5,969.7375000000001,6,False,11.145833333333334,0
2026-06-05,11.145833333333334,11.283333333333333,835.0416666666666,0.0,27.075,84.45833333333333,4.179166666666666,199.79166666666666,8.4,970.1625,6,False,6.733333333333333,0
2026-06-06,6.733333333333333,6.841666666666666,663.625,0.0,26.287499999999998,87.25,5.504166666666666,198.0,21.4,970.9041666666667,6,False,6.8,0
2026-06-07,6.8,6.979166666666667,628.4583333333334,0.20833333333333334,26.291666666666668,85.66666666666667,6.083333333333333,198.08333333333334,10.7,971.5583333333334,6,False,12.758333333333333,0
2026-06-08,12.758333333333333,13.0875,777.0,0.5833333333333334,26.479166666666668,85.79166666666667,4.575,150.45833333333334,18.5,971.5333333333333,6,False,13.229166666666666,0
2026-06-09,13.229166666666666,14.929166666666667,668.625,3.375,27.7,78.70833333333333,5.179166666666666,154.33333333333334,1.2000000000000002,970.7916666666666,6,False,10.870833333333332,0
2026-06-10,10.870833333333332,11.704166666666666,629.7916666666666,0.625,26.97083333333333,83.25,4.6875,166.16666666666666,10.9,972.2666666666668,6,False,7.791666666666667,0
2026-06-11,7.791666666666667,8.183333333333334,543.8333333333334,0.125,25.395833333333332,90.20833333333333,6.295833333333333,219.54166666666666,20.3,974.7458333333334,6,False,6.620833333333334,0
2026-06-12,6.620833333333334,7.075,668.375,0.20833333333333334,26.308333333333334,85.41666666666667,6.05,191.83333333333334,15.799999999999999,976.3125,6,False,9.116666666666665,0
2026-06-13,9.116666666666665,9.658333333333333,738.7083333333334,0.375,26.516666666666666,83.75,5.870833333333334,192.45833333333334,18.0,975.0,6,False,10.179166666666667,0
2026-06-14,10.179166666666667,11.058333333333332,626.8333333333334,0.9583333333333334,27.020833333333332,78.70833333333333,6.208333333333333,150.08333333333334,12.6,972.8708333333334,6,False,10.308333333333334,0
2026-06-15,10.308333333333334,10.883333333333333,848.0833333333334,0.2916666666666667,26.75,83.45833333333333,5.554166666666667,174.0,16.9,973.1374999999999,6,False,17.066666666666666,0
2026-06-16,17.066666666666666,18.991666666666667,910.1666666666666,2.2083333333333335,27.34166666666667,77.08333333333333,4.870833333333334,137.875,0.1,973.9,6,False,14.870833333333332,0
2026-06-17,14.870833333333332,16.825,1226.5833333333333,2.0416666666666665,26.616666666666664,81.125,4.691666666666666,149.95833333333334,5.2,974.4,6,False,14.895833333333334,0
2026-06-18,14.895833333333334,16.704166666666666,1129.8333333333333,2.3333333333333335,26.995833333333334,83.20833333333333,4.329166666666667,140.95833333333334,4.7,973.9916666666667,6,False,18.995833333333334,0
2026-06-19,18.995833333333334,23.900000000000002,1027.7916666666667,6.625,27.40833333333333,80.375,3.9125,135.75,0.5,973.625,6,False,17.875,0
2026-06-20,17.875,20.083333333333332,872.0416666666666,2.4166666666666665,27.679166666666664,78.33333333333333,4.545833333333333,160.41666666666666,4.4,973.8916666666668,6,False,13.658333333333333,0
2026-06-21,13.658333333333333,16.304166666666667,622.1666666666666,2.9583333333333335,27.004166666666666,82.91666666666667,3.5625,117.45833333333333,7.800000000000001,974.6750000000001,6,False,13.262500000000001,0
2026-06-22,13.262500000000001,16.766666666666666,846.75,3.9166666666666665,26.879166666666666,78.0,3.8208333333333333,155.875,1.7,974.1916666666666,6,False,16.395833333333332,0
2026-06-23,16.395833333333332,19.045833333333334,1179.3333333333333,3.0,27.4375,76.125,5.520833333333333,167.20833333333334,3.0,972.2291666666666,6,False,14.116666666666667,0
2026-06-24,14.116666666666667,14.854166666666666,1183.3333333333333,0.5,27.837500000000002,75.83333333333333,4.275,146.375,2.1,971.6374999999999,6,False,15.487499999999999,0
2026-06-25,15.487499999999999,16.208333333333332,1303.25,0.3333333333333333,27.879166666666666,74.66666666666667,4.795833333333333,143.5,1.2,972.0333333333333,6,False,13.266666666666667,0
2026-06-26,13.266666666666667,14.158333333333333,1152.9583333333333,0.2916666666666667,27.558333333333334,74.83333333333333,3.85,161.04166666666666,1.3,972.3125,6,False,12.137500000000001,0
2026-06-27,12.137500000000001,12.595833333333333,1183.7083333333333,0.20833333333333334,27.9375,77.95833333333333,3.733333333333333,152.625,11.299999999999999,971.6,6,False,11.304166666666667,0
2026-06-28,11.304166666666667,11.833333333333334,882.0833333333334,0.25,27.9375,82.5,3.15,146.875,7.9,970.9208333333332,6,False,10.858333333333334,0
2026-06-29,10.858333333333334,11.683333333333332,1003.1666666666666,0.5416666666666666,28.233333333333334,81.08333333333333,3.0749999999999997,176.20833333333334,7.1000000000000005,970.125,6,False,14.758333333333333,0
2026-06-30,14.758333333333333,15.549999999999999,1047.0416666666667,0.8333333333333334,26.525000000000002,86.08333333333333,2.8791666666666664,142.16666666666666,13.5,970.8000000000001,6,False,11.129166666666668,0
2026-07-01,11.129166666666668,11.616666666666667,992.0,0.375,27.104166666666668,84.625,3.6999999999999997,160.0,8.0,970.4083333333333,7,False,11.225,0
2026-07-02,11.225,11.5375,775.75,0.3333333333333333,26.912499999999998,84.16666666666667,4.395833333333333,200.29166666666666,12.5,970.7083333333334,7,False,10.070833333333333,0
2026-07-03,10.070833333333333,10.320833333333333,913.4583333333334,0.0,26.958333333333332,86.0,4.129166666666666,175.70833333333334,21.099999999999998,970.9416666666666,7,False,14.620833333333332,0
2026-07-04,14.620833333333332,15.670833333333334,909.5,0.7083333333333334,27.25,82.20833333333333,5.6875,151.5,4.7,970.5749999999999,7,False,7.3999999999999995,0
2026-07-05,7.3999999999999995,8.9,575.875,1.9166666666666667,27.3625,79.70833333333333,5.645833333333333,157.20833333333334,14.100000000000001,972.1999999999999,7,False,9.066666666666666,0
2026-07-06,9.066666666666666,11.4,878.4166666666666,3.0833333333333335,27.041666666666668,79.45833333333333,4.258333333333334,167.25,0.9,972.4416666666666,7,False,13.112499999999999,0
2026-07-07,13.112499999999999,18.066666666666666,1068.4166666666667,6.833333333333333,27.308333333333334,81.79166666666667,3.4416666666666664,158.33333333333334,1.1,972.5124999999999,7,False,14.591666666666667,0
2026-07-08,14.591666666666667,18.145833333333332,974.6666666666666,4.833333333333333,26.037499999999998,88.04166666666667,4.283333333333333,145.29166666666666,17.7,972.5541666666667,7,False,11.454166666666666,0
2026-07-09,11.454166666666666,13.5,1114.6666666666667,2.6666666666666665,25.47083333333333,89.33333333333333,4.066666666666666,142.45833333333334,18.5,972.2666666666668,7,False,9.704166666666667,0
2026-07-10,9.704166666666667,10.966666666666667,1422.0,1.7083333333333333,24.6375,94.16666666666667,4.270833333333333,124.20833333333333,30.3,971.8333333333334,7,False,9.325000000000001,0
2026-07-11,9.325000000000001,11.6,1329.25,3.4166666666666665,26.366666666666664,85.25,4.066666666666666,143.79166666666666,13.8,969.2208333333333,7,False,14.825000000000001,0
2026-07-12,14.825000000000001,15.85,1025.2083333333333,1.0416666666666667,27.3625,80.70833333333333,4.270833333333333,125.58333333333333,4.1,967.1833333333334,7,False,13.220833333333333,0
2026-07-13,13.220833333333333,17.170833333333334,776.0,6.791666666666667,27.333333333333332,81.125,3.975,179.66666666666666,2.8,968.5208333333334,7,False,9.079166666666667,0
2026-07-14,9.079166666666667,13.045833333333334,905.4583333333334,6.458333333333333,27.34166666666667,76.08333333333333,7.054166666666667,202.29166666666666,1.4,970.2875,7,False,9.183333333333334,0
2026-07-15,9.183333333333334,13.320833333333333,844.0416666666666,6.916666666666667,27.287499999999998,76.45833333333333,4.8374999999999995,193.0,1.7,972.5375,7,False,14.204166666666666,0
2026-07-16,14.204166666666666,18.704166666666666,1078.25,7.625,27.0,79.0,4.891666666666667,151.5,3.5,973.1791666666667,7,False,17.495833333333334,0
2026-07-17,17.495833333333334,23.775000000000002,1281.0833333333333,10.458333333333334,26.5,82.66666666666667,3.1666666666666665,126.125,2.6,973.0166666666668,7,False,17.254166666666666,0
2026-07-18,17.254166666666666,24.6875,1440.0416666666667,11.916666666666666,25.8625,85.66666666666667,3.170833333333333,136.25,1.8,973.0625,7,False,22.724999999999998,0
2026-07-19,22.724999999999998,38.175000000000004,1247.625,26.5,25.891666666666666,84.04166666666667,3.9583333333333335,140.16666666666666,7.7,973.4416666666666,7,False,18.941666666666666,0
2026-07-20,18.941666666666666,26.775000000000002,1247.4583333333333,12.333333333333334,25.71666666666667,84.83333333333333,3.6999999999999997,190.08333333333334,1.7,973.8416666666667,7,False,16.433333333333334,0
2026-07-21,16.433333333333334,20.195833333333333,1519.0833333333333,5.208333333333333,25.645833333333332,88.875,4.2375,142.79166666666666,25.6,973.9,7,False,12.0,0
2026-07-22,12.0,13.25,1306.5,1.7083333333333333,25.8125,89.25,4.3,128.83333333333334,16.1,974.025,7,False,18.8,0
2026-07-23,18.8,21.1375,1481.75,3.4583333333333335,26.6375,86.20833333333333,3.170833333333333,142.16666666666666,6.9,971.7333333333332,7,False,19.325,0
2026-07-24,19.325,23.120833333333334,1413.5833333333333,6.166666666666667,26.504166666666666,88.125,3.9416666666666664,128.0,21.1,970.1750000000001,7,False,13.929166666666667,0
2026-07-25,13.929166666666667,16.366666666666667,1100.2083333333333,4.083333333333333,27.4375,82.16666666666667,3.533333333333333,162.33333333333334,21.0,969.8666666666667,7,False,8.558333333333334,0
2026-07-26,8.558333333333334,9.670833333333333,814.1666666666666,2.125,27.191666666666666,82.70833333333333,4.808333333333334,186.54166666666666,7.5,970.2666666666668,7,False,9.158333333333333,0
2026-07-27,9.158333333333333,9.991666666666667,876.2916666666666,1.375,26.483333333333334,88.04166666666667,3.3958333333333335,160.25,27.5,970.3375,7,False,14.125,0
2026-07-28,14.125,15.5375,1050.25,1.8333333333333333,26.84583333333333,85.125,3.654166666666667,158.79166666666666,18.4,970.725,7,False,14.487499999999999,0
2026-07-29,14.487499999999999,16.525000000000002,889.6666666666666,2.625,26.25,86.66666666666667,3.4375,155.375,26.8,971.0,7,False,13.120833333333332,0
2026-07-30,13.120833333333332,14.0375,1079.3333333333333,1.3333333333333333,26.0125,89.41666666666667,2.6916666666666664,204.875,15.5,971.1125000000001,7,False,9.8125,0
2026-07-31,9.8125,10.745833333333332,884.0,1.4583333333333333,26.570833333333336,87.16666666666667,3.8083333333333336,173.83333333333334,26.6,971.0500000000001,7,False,6.970833333333334,0
2026-08-01,6.970833333333334,7.504166666666666,810.5,0.9583333333333334,25.991666666666664,88.875,3.8791666666666664,193.375,45.5,970.7291666666666,8,False,6.220833333333334,0
2026-08-02,6.220833333333334,6.875,542.4166666666666,0.9583333333333334,26.275000000000002,88.58333333333333,4.1499999999999995,180.0,42.9,971.1416666666668,8,False,13.729166666666666,0
2026-08-03,13.729166666666666,17.641666666666666,941.5416666666666,6.083333333333333,27.22083333333333,85.875,3.5541666666666667,150.83333333333334,29.4,971.75,8,False,13.291666666666666,0
2026-08-04,13.291666666666666,15.833333333333334,941.375,3.625,26.53333333333333,87.54166666666667,3.1958333333333333,123.75,17.7,972.4125,8,False,9.295833333333333,0
2026-08-05,9.295833333333333,10.079166666666667,950.0,1.2916666666666667,26.0625,89.625,3.4916666666666667,132.29166666666666,19.8,970.975,8,False,8.733333333333333,0
2026-08-06,8.733333333333333,10.754166666666668,987.5,3.5416666666666665,27.71666666666667,83.58333333333333,3.8625000000000003,131.125,12.5,969.8458333333333,8,False,12.029166666666667,0
2026-08-07,12.029166666666667,13.620833333333332,953.5,2.25,26.454166666666666,89.0,3.654166666666667,140.20833333333334,50.4,970.1791666666667,8,False,8.316666666666666,0
2026-08-08,8.316666666666666,8.862499999999999,806.3333333333334,0.7083333333333334,26.195833333333336,89.875,3.3375,119.33333333333333,59.1,971.9625,8,False,8.637500000000001,0
2026-08-09,8.637500000000001,9.512500000000001,693.0,0.7916666666666666,26.03333333333333,90.79166666666667,3.279166666666667,146.375,38.7,971.6666666666666,8,False,9.525,0
2026-08-10,9.525,10.075000000000001,810.9583333333334,0.75,26.3875,89.04166666666667,3.4124999999999996,158.45833333333334,26.1,969.9291666666667,8,False,16.833333333333332,0
2026-08-11,16.833333333333332,17.395833333333332,1193.1666666666667,1.0,25.879166666666666,88.375,4.004166666666666,147.54166666666666,30.8,970.1875,8,False,12.791666666666666,0
2026-08-12,12.791666666666666,13.816666666666668,1084.5833333333333,1.875,26.6125,82.29166666666667,5.433333333333334,147.79166666666666,6.0,972.2666666666668,8,False,22.016666666666666,0
2026-08-13,22.016666666666666,23.6125,1256.0833333333333,2.5416666666666665,26.929166666666664,85.58333333333333,2.891666666666667,145.58333333333334,9.5,971.6041666666666,8,False,17.283333333333335,0
2026-08-14,17.283333333333335,20.116666666666667,1400.7083333333333,4.125,27.241666666666664,85.625,4.141666666666667,150.16666666666666,25.8,971.0375,8,False,23.325,0
2026-08-15,23.325,26.3875,1467.9166666666667,4.291666666666667,27.329166666666666,81.25,4.479166666666667,150.75,1.7999999999999998,971.4458333333333,8,False,15.816666666666668,0
2026-08-16,15.816666666666668,17.195833333333333,906.3333333333334,2.3333333333333335,27.0,81.20833333333333,4.1375,152.5,3.3000000000000003,972.725,8,False,15.558333333333332,0
2026-08-17,15.558333333333332,19.104166666666668,1097.125,5.166666666666667,27.599999999999998,80.16666666666667,2.8375,136.20833333333334,7.6000000000000005,973.7208333333333,8,False,24.195833333333336,0
2026-08-18,24.195833333333336,29.65833333333333,1539.5416666666667,8.166666666666666,27.520833333333332,84.33333333333333,3.9250000000000003,153.875,7.5,972.4375,8,False,20.195833333333333,0
2026-08-19,20.195833333333333,23.09166666666667,1464.7916666666667,4.541666666666667,25.84583333333333,93.70833333333333,2.7375000000000003,117.41666666666667,21.8,970.8375,8,False,9.975,0
2026-08-20,9.975,10.520833333333334,1280.9583333333333,0.9166666666666666,25.837500000000002,90.875,3.3000000000000003,146.83333333333334,24.1,970.1374999999999,8,False,10.083333333333334,0
2026-08-21,10.083333333333334,10.191666666666668,1353.9583333333333,0.08333333333333333,26.454166666666666,85.91666666666667,4.933333333333334,184.66666666666666,2.3,970.9208333333332,8,False,9.612499999999999,0
2026-08-22,9.612499999999999,10.762500000000001,1210.8333333333333,1.9583333333333333,27.0125,80.79166666666667,5.1875,151.0,1.2000000000000002,972.1041666666666,8,False,12.683333333333332,0
2026-08-23,12.683333333333332,14.641666666666666,930.1666666666666,2.7916666666666665,26.683333333333334,83.70833333333333,4.05,147.08333333333334,19.4,972.6583333333333,8,False,14.424999999999999,0
2026-08-24,14.424999999999999,17.995833333333334,1149.3333333333333,5.625,26.833333333333332,88.375,3.545833333333333,143.33333333333334,10.700000000000001,972.1625,8,False,12.716666666666667,0
2026-08-25,12.716666666666667,15.020833333333334,1103.3333333333333,3.125,26.629166666666666,89.95833333333333,4.3125,149.125,21.1,971.75,8,False,18.191666666666666,0
2026-08-26,18.191666666666666,19.8875,1259.5416666666667,1.4583333333333333,26.525000000000002,88.75,3.9583333333333335,138.04166666666666,24.1,970.7166666666667,8,False,10.541666666666666,0
2026-08-27,10.541666666666666,10.904166666666667,982.2916666666666,0.20833333333333334,27.325,82.95833333333333,3.954166666666667,154.29166666666666,7.4,970.275,8,False,12.158333333333333,0
2026-08-28,12.158333333333333,14.116666666666667,916.4583333333334,2.875,27.145833333333332,78.04166666666667,5.7625,160.25,0.6000000000000001,970.9333333333334,8,False,10.904166666666667,0
2026-08-29,10.904166666666667,12.070833333333333,1119.3333333333333,1.5416666666666667,26.645833333333332,85.95833333333333,3.704166666666667,142.375,15.7,971.275,8,False,11.754166666666668,0
2026-08-30,11.754166666666668,13.445833333333333,752.8333333333334,2.2083333333333335,26.087500000000002,87.20833333333333,3.1041666666666665,88.16666666666667,8.3,972.2708333333334,8,False,14.466666666666667,0
